87076930,48.868894,2.280018,48.799815,2.257289,700,02/10/2015,07:42,20150210T07:42:00,Paris,"WALK,BUS,TRAM,SUBWAY",3.52E+14,FALSE,600,7
87037284,48.85164054,2.347883312,48.8716963,2.3263985,1400,02/10/2015,10:00,20150210T10:00:00,Paris,"WALK,BUS,TRAM,RAIL,SUBWAY,CABLE_CAR",3.52E+14,FALSE,600,10
87193102,48.83242217,2.24279827,48.81066,2.25835,1400,02/10/2015,16:04,20150210T16:04:00,Paris,"WALK,BUS,RAIL,TRAM,SUBWAY,CABLE_CAR",3.52E+14,FALSE,600,16
87147910,48.88797593,2.389576576,48.87002,2.36369,70000,02/10/2015,13:24,20150210T13:24:00,Paris,"WALK,BUS,SUBWAY",3.52E+14,FALSE,600,13
87110352,48.88001722,2.35476521,48.858135,2.2784565,1400,02/10/2015,10:37,20150210T10:37:00,Paris,"WALK,BUS,RAIL,TRAM,SUBWAY,CABLE_CAR",3.52E+14,FALSE,600,10
87222033,48.72430993,2.258812271,48.84460997,2.373143435,1400,02/10/2015,23:38,20150210T23:38:00,Paris,"WALK,BUS,TRAM,RAIL,SUBWAY,CABLE_CAR",3.52E+14,FALSE,600,23
87127370,48.85882995,2.380462596,48.8715194,2.3388373,1400,02/10/2015,11:59,20150210T11:59:00,Paris,"WALK,BUS,TRAM,RAIL,SUBWAY,CABLE_CAR",3.52E+14,FALSE,600,11
87141056,48.8860306,2.2953831,48.8691011,2.2839363,1400,02/10/2015,12:59,20150210T12:59:00,Paris,"WALK,SUBWAY,CABLE_CAR",3.52E+14,FALSE,600,12
87263176,48.77894366,2.280598685,48.7666649,2.2637803,1400,02/10/2015,20:14,20150210T20:14:00,Paris,"WALK,BUS,TRAM,RAIL,SUBWAY,CABLE_CAR",3.52E+14,FALSE,600,20
87152893,48.88422824,2.349413261,48.8598673,2.373869,1400,02/10/2015,13:44,20150210T13:44:00,Paris,"WALK,BUS",3.52E+14,FALSE,600,13
86028036,48.8639294,2.2088439,48.8991204,2.3073543,1400,02/10/2015,15:45,20150210T15:45:00,Paris,"WALK,BUS,TRAM,RAIL,SUBWAY,CABLE_CAR",3.52E+14,TRUE,600,15
87216275,48.89492181,2.340672129,48.9098877,2.2901092,1400,02/10/2015,17:45,20150210T17:45:00,Paris,"WALK,BUS,SUBWAY",3.52E+14,FALSE,600,17
87152527,48.88692257,2.308550477,48.9249351,2.3255737,1400,02/10/2015,13:42,20150210T13:42:00,Paris,"WALK,BUS,TRAM,RAIL,SUBWAY,CABLE_CAR",3.52E+14,FALSE,600,13
87175350,48.94579581,2.14440269,48.90016,2.3468475,1400,02/10/2015,09:03,20150210T09:03:00,Paris,"WALK,BUS,CABLE_CAR,RAIL,TRAM,FERRY,SUBWAY,GONDOLA,FUNICULAR",3.52E+14,FALSE,600,9
87114448,48.9526225,2.2275289,48.9385415,2.2335266,1400,02/10/2015,10:58,20150210T10:58:00,Paris,"WALK,BUS,RAIL,TRAM,SUBWAY,CABLE_CAR",3.52E+14,FALSE,600,10
87058666,48.822227,2.337834,48.82606518,2.357361317,70000,02/10/2015,17:00,20150210T17:00:00,Paris,"WALK,BUS,TRAM,RAIL,SUBWAY,CABLE_CAR",3.52E+14,FALSE,600,17
86869128,48.83376185,2.719708811,48.8822575,2.321135402,1400,02/10/2015,07:40,20150210T07:40:00,Paris,"WALK,RAIL,SUBWAY",3.52E+14,FALSE,600,7
87188801,48.79536731,2.34525472,48.9585461,2.5401483,1400,02/10/2015,15:50,20150210T15:50:00,Paris,"WALK,BUS,RAIL,TRAM,SUBWAY,CABLE_CAR",3.52E+14,FALSE,600,15
87077949,48.8531141,2.2899378,48.8314246,2.2466358,1400,02/10/2015,07:47,20150210T07:47:00,Paris,"WALK,BUS,TRAM,RAIL,SUBWAY,CABLE_CAR",3.52E+14,FALSE,600,7
87109728,48.6185365,2.4378292,48.585213,2.3033483,1400,02/10/2015,10:34,20150210T10:34:00,Paris,"WALK,BUS,TRAM,RAIL,SUBWAY,CABLE_CAR",3.52E+14,FALSE,600,10
86975550,48.94038058,2.597544082,48.85676795,2.370773858,1400,02/10/2015,14:00,20150210T14:00:00,Paris,"WALK,BUS,SUBWAY,CABLE_CAR",3.52E+14,TRUE,600,14
87080298,49.11477827,2.21013187,48.88821188,2.249364853,1400,02/10/2015,08:02,20150210T08:02:00,Paris,"WALK,BUS,RAIL,TRAM,SUBWAY,CABLE_CAR",3.52E+14,FALSE,600,8
87244550,48.97674605,2.390441812,48.9389341,2.8770857,70000,02/10/2015,18:59,20150210T18:59:00,Paris,"WALK,BUS,TRAM,RAIL,SUBWAY,CABLE_CAR",3.52E+14,FALSE,600,18
87016696,48.89008111,2.386029668,48.8205669,2.423655,1400,02/10/2015,06:10,20150210T06:10:00,Paris,"WALK,BUS,TRAM,RAIL,SUBWAY,CABLE_CAR",3.52E+14,FALSE,600,6
87285307,48.876683,2.325271,48.8752478,2.5187595,1400,02/10/2015,21:58,20150210T21:58:00,Paris,"WALK,BUS,RAIL,TRAM,SUBWAY,CABLE_CAR",3.52E+14,FALSE,600,21
87025906,48.89947868,2.193047787,48.896818,2.106979,1400,02/10/2015,19:30,20150210T19:30:00,Paris,"WALK,BUS,TRAM,RAIL,SUBWAY,CABLE_CAR",3.52E+14,FALSE,600,19
87006412,48.81846634,2.319643219,48.81921,2.14084,1400,02/10/2015,07:30,20150210T07:30:00,Paris,"WALK,BUS,TRAM,RAIL,SUBWAY,CABLE_CAR",3.52E+14,FALSE,600,7
87256201,48.88127679,2.315508127,48.89369113,2.353651783,1400,02/10/2015,19:45,20150210T19:45:00,Paris,"WALK,BUS,TRAM,RAIL,SUBWAY,CABLE_CAR",3.52E+14,FALSE,600,19
87158665,48.8427848,2.371792356,48.84418951,2.324441232,1400,02/10/2015,14:06,20150210T14:06:00,Paris,"WALK,RAIL,SUBWAY,CABLE_CAR",3.52E+14,FALSE,600,14
87215309,48.68638,2.408785466,48.73011952,2.445977625,1400,02/10/2015,17:15,20150210T17:15:00,Paris,"WALK,BUS,TRAM,RAIL,SUBWAY,CABLE_CAR",3.52E+14,FALSE,600,17
87085657,48.64803921,2.435917268,48.87395969,2.294865847,1400,02/10/2015,08:27,20150210T08:27:00,Paris,"WALK,SUBWAY",3.52E+14,FALSE,600,8
87178079,48.86009163,2.340515032,48.84754,2.29718,1400,02/10/2015,15:14,20150210T15:14:00,Paris,"WALK,SUBWAY",3.52E+14,FALSE,600,15
87248182,48.87156901,2.33238203,48.87993,2.32909,1400,02/10/2015,19:13,20150210T19:13:00,Paris,WALK,3.52E+14,FALSE,600,19
87190559,48.79708313,2.611942982,48.18094297,2.736370891,1400,02/10/2015,15:56,20150210T15:56:00,Paris,"WALK,BUS,TRAM,RAIL,SUBWAY,CABLE_CAR",3.52E+14,FALSE,600,15
86575261,48.60673942,2.301903729,48.79082,2.25266,2100,02/10/2015,08:30,20150210T08:30:00,Paris,"WALK,BUS,RAIL,TRAM,SUBWAY,CABLE_CAR",3.52E+14,TRUE,600,8
87157889,48.8955657,2.3646816,48.85837884,2.389734733,1400,02/10/2015,14:03,20150210T14:03:00,Paris,"WALK,BUS,RAIL,TRAM,SUBWAY,CABLE_CAR",3.52E+14,FALSE,600,14
87249050,48.87401117,2.331083751,48.870643,2.332355,1400,02/10/2015,19:16,20150210T19:16:00,Paris,WALK,3.52E+14,FALSE,600,19
87191118,48.8692974,2.3394217,48.84465215,2.373108148,1400,02/10/2015,15:57,20150210T15:57:00,Paris,"WALK,SUBWAY",3.52E+14,FALSE,600,15
86988538,49.047926,2.0091698,48.93326267,2.04091926,1400,02/10/2015,07:30,20150210T07:30:00,Paris,"WALK,BUS,RAIL,TRAM,SUBWAY,CABLE_CAR",3.52E+14,FALSE,600,7
87239444,48.85762,2.38071,48.8508603,2.3463062,1400,02/10/2015,18:39,20150210T18:39:00,Paris,"WALK,BUS,TRAM,RAIL,SUBWAY,CABLE_CAR",3.52E+14,FALSE,600,18
87159331,48.86525986,2.374757082,48.8636625,2.3747261,1400,02/10/2015,14:08,20150210T14:08:00,Paris,"WALK,BUS,RAIL,TRAM,SUBWAY,CABLE_CAR",3.52E+14,FALSE,600,14
87247497,48.8760784,2.3161104,48.84150317,2.307997942,1400,02/10/2015,19:10,20150210T19:10:00,Paris,"WALK,BUS,RAIL,SUBWAY,TRAM,CABLE_CAR",3.52E+14,FALSE,600,19
87133704,48.9431069,2.2491166,48.96374926,2.371948656,1400,02/10/2015,12:27,20150210T12:27:00,Paris,"WALK,BUS,RAIL,TRAM,SUBWAY,CABLE_CAR",3.52E+14,FALSE,600,12
87148882,48.8143737,2.2766749,48.85102,2.3244596,1400,02/10/2015,15:00,20150210T15:00:00,Paris,"WALK,BUS,RAIL,TRAM,SUBWAY,CABLE_CAR",3.52E+14,TRUE,600,15
87004735,48.87155938,2.370998806,48.84085,2.3102362,1400,02/10/2015,08:45,20150210T08:45:00,Paris,"WALK,BUS,TRAM,RAIL,SUBWAY,CABLE_CAR",3.52E+14,TRUE,600,8
87149016,48.41365223,2.700185264,48.848633,2.3435993,2100,02/10/2015,13:29,20150210T13:29:00,Paris,"WALK,BUS,TRAM,RAIL,SUBWAY,CABLE_CAR",3.52E+14,FALSE,600,13
87238220,48.936181,2.357443,48.867503,2.363811,1400,02/10/2015,18:35,20150210T18:35:00,Paris,"WALK,SUBWAY",3.52E+14,FALSE,600,18
87258523,48.8442627,2.3089313,48.8677609,2.3107397,1400,02/10/2015,22:00,20150210T22:00:00,Paris,"WALK,BUS",3.52E+14,FALSE,600,22
87194235,48.8345153,2.26830675,48.882907,2.370687,1400,02/10/2015,16:08,20150210T16:08:00,Paris,"WALK,BUS,RAIL,TRAM,SUBWAY,CABLE_CAR",3.52E+14,FALSE,600,16
87292653,48.9502576,2.511836207,48.8778279,2.4002887,700,02/10/2015,22:30,20150210T22:30:00,Paris,"WALK,BUS,TRAM,RAIL,SUBWAY,CABLE_CAR",3.52E+14,FALSE,600,22
87109287,48.8504139,2.3535947,48.8628054,2.2711792,1400,02/10/2015,10:32,20150210T10:32:00,Paris,"WALK,BUS,RAIL,TRAM,SUBWAY,CABLE_CAR",3.52E+14,FALSE,600,10
87059561,48.91561944,2.35855003,48.84352967,2.364093661,1400,02/10/2015,06:09,20150210T06:09:00,Paris,"WALK,BUS,RAIL,TRAM,SUBWAY,CABLE_CAR",3.52E+14,FALSE,600,6
87137758,48.892829,2.327267,48.827012,2.366695,1400,02/10/2015,12:45,20150210T12:45:00,Paris,"WALK,BUS,RAIL,TRAM,SUBWAY,CABLE_CAR",3.52E+14,FALSE,600,12
87082438,48.80576632,2.619241871,48.8809107,2.358675518,1400,02/10/2015,08:11,20150210T08:11:00,Paris,"WALK,BUS,TRAM,RAIL,SUBWAY,CABLE_CAR",3.52E+14,FALSE,600,8
87293364,48.8666384,2.373169502,48.8881198,2.3461875,1400,02/10/2015,22:34,20150210T22:34:00,Paris,"WALK,BUS,TRAM,RAIL,SUBWAY,CABLE_CAR",3.52E+14,FALSE,600,22
87010782,48.8298307,2.376120009,49.04963864,2.034140788,1400,02/10/2015,06:59,20150210T06:59:00,Paris,"WALK,BUS,TRAM,RAIL,SUBWAY,CABLE_CAR",3.52E+14,FALSE,600,6
86842491,48.8189786,2.1247158,48.8190245,2.1247496,1400,02/10/2015,09:33,20150210T09:33:00,Paris,"WALK,BUS,RAIL,TRAM,SUBWAY,CABLE_CAR",3.52E+14,FALSE,600,9
86546767,48.78120186,2.11777799,48.84098771,2.320379019,700,02/10/2015,09:55,20150210T09:55:00,Paris,"WALK,BUS,RAIL,TRAM,SUBWAY,CABLE_CAR",3.52E+14,FALSE,600,9
87260450,48.87815909,2.340506456,48.8557218,2.3711228,1400,02/10/2015,20:03,20150210T20:03:00,Paris,"WALK,BUS,TRAM,RAIL,SUBWAY,CABLE_CAR",3.52E+14,FALSE,600,20
87246408,48.85751524,2.36792922,48.8790671,2.353805,1400,02/10/2015,19:06,20150210T19:06:00,Paris,"WALK,BUS,RAIL,TRAM,SUBWAY,CABLE_CAR",3.52E+14,FALSE,600,19
87267298,48.84374629,2.323504798,48.83974,2.3325,1400,02/10/2015,20:33,20150210T20:33:00,Paris,"WALK,BUS,TRAM,RAIL,SUBWAY,CABLE_CAR",3.52E+14,FALSE,600,20
87228848,48.8720536,2.3132134,48.913878,2.2453028,1400,02/10/2015,18:30,20150210T18:30:00,Paris,"WALK,BUS,RAIL,TRAM,SUBWAY,CABLE_CAR",3.52E+14,FALSE,600,18
87085138,48.8764639,2.2390355,48.8765497,2.2384054,7000,02/10/2015,08:24,20150210T08:24:00,Paris,"WALK,BUS,RAIL,TRAM,SUBWAY,CABLE_CAR",3.52E+14,FALSE,600,8
87260846,48.90217721,2.360678287,48.83826908,2.360816002,1400,02/10/2015,20:05,20150210T20:05:00,Paris,"WALK,BUS,TRAM,RAIL,SUBWAY,CABLE_CAR",3.52E+14,FALSE,600,20
87248980,48.8620056,2.3204979,48.85433512,2.305680513,1400,02/10/2015,19:16,20150210T19:16:00,Paris,"WALK,BUS,RAIL,TRAM,SUBWAY,CABLE_CAR",3.52E+14,FALSE,600,19
87220694,48.8412,2.22449,48.84609622,2.354807854,1400,02/10/2015,17:33,20150210T17:33:00,Paris,"WALK,BUS,RAIL,TRAM,SUBWAY,CABLE_CAR",3.52E+14,FALSE,600,17
87094470,48.82348124,2.249205681,48.821972,2.2467956,1400,02/10/2015,09:12,20150210T09:12:00,Paris,"WALK,BUS,TRAM,RAIL,SUBWAY,CABLE_CAR",3.52E+14,FALSE,600,9
86998030,48.70343,2.57229,48.81155,2.61165,1400,02/10/2015,06:30,20150210T06:30:00,Paris,"WALK,BUS,RAIL,TRAM,SUBWAY,CABLE_CAR",3.52E+14,FALSE,600,6
87204029,48.84098771,2.320379019,48.44838136,1.480992914,1400,02/10/2015,16:39,20150210T16:39:00,Paris,"WALK,BUS,RAIL,TRAM,SUBWAY,CABLE_CAR",3.52E+14,FALSE,600,16
87127063,48.87974306,2.35460081,48.864568,2.407013,1400,02/10/2015,11:58,20150210T11:58:00,Paris,"WALK,BUS,TRAM,RAIL,SUBWAY,CABLE_CAR",3.52E+14,FALSE,600,11
87193203,48.83770173,2.339018521,48.85102,2.3244596,1400,02/10/2015,16:04,20150210T16:04:00,Paris,"WALK,BUS,TRAM,RAIL,SUBWAY,CABLE_CAR",3.52E+14,FALSE,600,16
87125281,48.81385667,2.35032,48.814027,2.3500229,1400,02/10/2015,11:50,20150210T11:50:00,Paris,"WALK,BUS,RAIL,TRAM,SUBWAY,CABLE_CAR",3.52E+14,FALSE,600,11
87192609,49.03646334,2.079375785,49.034807,2.001199,420,02/10/2015,16:02,20150210T16:02:00,Paris,"WALK,BUS,RAIL,TRAM,SUBWAY,CABLE_CAR",3.52E+14,FALSE,600,16
87094172,48.8499066,2.2173044,48.8897359,2.2418428,1400,02/10/2015,09:11,20150210T09:11:00,Paris,"WALK,BUS,RAIL,TRAM,SUBWAY,CABLE_CAR",3.52E+14,FALSE,600,9
87018600,48.8365071,2.3025105,48.85208,2.35585,1400,02/10/2015,06:22,20150210T06:22:00,Paris,"WALK,BUS,RAIL,TRAM,SUBWAY,CABLE_CAR",3.52E+14,FALSE,600,6
87063924,48.76675939,2.345920186,48.87974306,2.35460081,1400,02/10/2015,06:33,20150210T06:33:00,Paris,"WALK,BUS,TRAM,RAIL,SUBWAY,CABLE_CAR",3.52E+14,FALSE,600,6
87216972,48.8039825,2.3624365,48.8070213,2.3294323,1400,02/10/2015,17:21,20150210T17:21:00,Paris,"WALK,BUS,RAIL,TRAM,SUBWAY,CABLE_CAR",3.52E+14,FALSE,600,17
87012082,48.8325,2.29283,48.864864,2.3946803,1400,02/10/2015,11:00,20150210T11:00:00,Paris,"WALK,BUS,RAIL,TRAM,SUBWAY,CABLE_CAR",3.52E+14,TRUE,600,11
87107831,48.8562281,2.3858925,48.8432172,2.3498016,1400,02/10/2015,10:24,20150210T10:24:00,Paris,"WALK,BUS,RAIL,TRAM,SUBWAY,CABLE_CAR",3.52E+14,FALSE,600,10
87193803,49.03511042,2.079335265,49.0047044,2.5669488,1400,02/10/2015,16:06,20150210T16:06:00,Paris,"WALK,BUS,TRAM,RAIL,SUBWAY,CABLE_CAR",3.52E+14,FALSE,600,16
87084248,48.9535172,2.3306576,48.971933,2.400197,1400,02/10/2015,08:20,20150210T08:20:00,Paris,"WALK,BUS,RAIL,TRAM,SUBWAY,CABLE_CAR",3.52E+14,FALSE,600,8
87004360,48.84049206,2.577706464,48.7594,2.33286,1400,02/10/2015,21:24,20150210T21:24:00,Paris,"WALK,CABLE_CAR",3.52E+14,FALSE,600,21
86999208,48.87736956,2.359573341,48.92999958,2.356181145,1400,02/10/2015,08:00,20150210T08:00:00,Paris,"WALK,BUS,RAIL,TRAM,SUBWAY,CABLE_CAR",3.52E+14,TRUE,600,8
87062161,48.86464005,2.346351761,49.00468482,2.57042957,1400,02/10/2015,06:24,20150210T06:24:00,Paris,"WALK,BUS,TRAM,RAIL,SUBWAY,CABLE_CAR",3.52E+14,FALSE,600,6
87211659,48.8339181,2.3449097,48.8247241,2.3478959,1400,02/10/2015,17:04,20150210T17:04:00,Paris,"WALK,BUS,RAIL,TRAM,SUBWAY,CABLE_CAR",3.52E+14,FALSE,600,17
87012915,48.87381602,2.27317681,48.873493,2.311778,140,02/10/2015,08:00,20150210T08:00:00,Paris,"WALK,BUS,SUBWAY",3.52E+14,FALSE,600,8
87050542,48.947602,2.524560261,48.6589722,2.4150559,1400,02/10/2015,07:30,20150210T07:30:00,Paris,"WALK,BUS,RAIL,TRAM,SUBWAY,CABLE_CAR",3.52E+14,FALSE,600,7
87209876,48.89047159,2.341618077,48.8524042,2.3343222,1400,02/10/2015,16:58,20150210T16:58:00,Paris,"WALK,BUS,TRAM,RAIL,SUBWAY,CABLE_CAR",3.52E+14,FALSE,600,16
87234055,48.87548123,2.359448038,48.85234788,2.338939905,2100,02/10/2015,18:20,20150210T18:20:00,Paris,"WALK,BUS,TRAM,RAIL,SUBWAY,CABLE_CAR",3.52E+14,FALSE,600,18
87257386,48.88907015,2.512410016,48.8741107,2.580864932,1400,02/10/2015,19:50,20150210T19:50:00,Paris,"WALK,BUS,TRAM,RAIL,SUBWAY,CABLE_CAR",3.52E+14,FALSE,600,19
87163869,48.79296772,2.387119755,48.88110746,2.271766663,1400,02/10/2015,14:25,20150210T14:25:00,Paris,"WALK,BUS,TRAM,RAIL,SUBWAY,CABLE_CAR",3.52E+14,FALSE,600,14
87098602,48.94799113,2.25574206,48.923325,2.217312,1400,02/10/2015,09:35,20150210T09:35:00,Paris,"WALK,BUS,RAIL,TRAM,SUBWAY,CABLE_CAR",3.52E+14,FALSE,600,9
87179741,48.87460889,2.319788933,48.870378,2.325545,700,02/10/2015,15:50,20150210T15:50:00,Paris,"WALK,BUS,TRAM,RAIL,SUBWAY,CABLE_CAR",3.52E+14,FALSE,600,15
87258164,48.8677398,2.3107492,48.8442627,2.3089313,1400,02/10/2015,22:00,20150210T22:00:00,Paris,"WALK,BUS",3.52E+14,FALSE,600,22
87092737,48.91746827,2.224907465,48.84788,2.40482,1400,02/10/2015,09:03,20150210T09:03:00,Paris,"WALK,BUS,TRAM,RAIL,SUBWAY,CABLE_CAR",3.52E+14,FALSE,600,9
87200314,48.8897504,2.2375258,48.89511766,2.195214045,1400,02/10/2015,16:49,20150210T16:49:00,Paris,"WALK,BUS,RAIL,TRAM,SUBWAY,CABLE_CAR",3.52E+14,FALSE,600,16
87069041,48.78891395,2.431913446,48.9451856,2.4718341,1400,02/10/2015,07:27,20150210T07:27:00,Paris,"WALK,BUS,RAIL,TRAM,SUBWAY,CABLE_CAR",3.52E+14,FALSE,600,7
87101658,48.865637,2.32124,48.8591,2.3379,1400,02/10/2015,09:52,20150210T09:52:00,Paris,"WALK,BUS,RAIL,TRAM,SUBWAY,CABLE_CAR",3.52E+14,FALSE,600,9
87203239,48.88815636,2.381529996,48.8766587,2.2633534,1400,02/10/2015,16:37,20150210T16:37:00,Paris,"WALK,BUS,TRAM,RAIL,SUBWAY,CABLE_CAR",3.52E+14,FALSE,600,16
87133947,48.9431241,2.2491066,48.90359545,2.392197847,1400,02/10/2015,12:28,20150210T12:28:00,Paris,"WALK,BUS,RAIL,TRAM,SUBWAY,CABLE_CAR",3.52E+14,FALSE,600,12
87208983,48.81080213,2.061957671,48.81362,1.89894,1400,02/10/2015,16:55,20150210T16:55:00,Paris,"WALK,BUS,TRAM,RAIL,SUBWAY,CABLE_CAR",3.52E+14,FALSE,600,16
87099695,48.85783284,2.40265757,48.8596684,2.4022509,1400,02/10/2015,09:42,20150210T09:42:00,Paris,"WALK,BUS,TRAM,RAIL,SUBWAY,CABLE_CAR",3.52E+14,FALSE,600,9
87277396,48.84988896,2.345085921,48.8513782,2.3432153,1400,02/10/2015,21:22,20150210T21:22:00,Paris,"WALK,BUS,TRAM,RAIL,SUBWAY,CABLE_CAR",3.52E+14,FALSE,600,21
87275397,48.82511698,2.273784466,48.8143193,2.2593093,1400,02/10/2015,21:13,20150210T21:13:00,Paris,"WALK,BUS,TRAM,RAIL,SUBWAY,CABLE_CAR",3.52E+14,FALSE,600,21
86768650,48.8372728,2.3353873,48.9220615,2.2533313,1400,02/10/2015,15:05,20150210T15:05:00,Paris,"WALK,BUS,TRAM,RAIL,SUBWAY,CABLE_CAR",3.52E+14,FALSE,600,15
86970220,48.90566023,2.283690631,48.80576632,2.619241871,1400,02/10/2015,18:39,20150210T18:39:00,Paris,"WALK,BUS,RAIL,TRAM,SUBWAY,CABLE_CAR",3.52E+14,FALSE,600,18
87253721,48.8406069,2.3194679,48.8719373,2.3349582,1400,02/10/2015,19:35,20150210T19:35:00,Paris,"WALK,BUS,RAIL,TRAM,SUBWAY,CABLE_CAR",3.52E+14,FALSE,600,19
87106841,48.6851006,2.4911828,48.8399274,2.4027986,1400,02/10/2015,10:19,20150210T10:19:00,Paris,"WALK,BUS,RAIL,TRAM,SUBWAY,CABLE_CAR",3.52E+14,FALSE,600,10
87242772,48.90390728,2.587903468,48.89925,2.57239,1400,02/10/2015,18:52,20150210T18:52:00,Paris,"WALK,BUS,TRAM,RAIL,SUBWAY,CABLE_CAR",3.52E+14,FALSE,600,18
87018040,48.65867,2.3665655,48.700094,2.416924,1400,02/10/2015,07:15,20150210T07:15:00,Paris,"WALK,BUS,RAIL,TRAM,SUBWAY,CABLE_CAR",3.52E+14,FALSE,600,7
87218420,48.84098771,2.320379019,48.729914,2.368029,1400,02/10/2015,17:25,20150210T17:25:00,Paris,"WALK,BUS,RAIL,TRAM,SUBWAY,CABLE_CAR",3.52E+14,FALSE,600,17
87226716,48.89212347,2.237761617,48.852297,2.3618892,1400,02/10/2015,17:54,20150210T17:54:00,Paris,"WALK,BUS,RAIL,TRAM,SUBWAY,CABLE_CAR",3.52E+14,FALSE,600,17
87130344,48.79854519,2.346053714,48.8501,2.32977,700,02/10/2015,12:12,20150210T12:12:00,Paris,"WALK,BUS,TRAM,RAIL,SUBWAY,CABLE_CAR",3.52E+14,FALSE,600,12
87126570,48.89807402,2.094677004,48.89751173,2.329021647,1400,02/10/2015,11:56,20150210T11:56:00,Paris,"WALK,BUS,TRAM,RAIL,SUBWAY,CABLE_CAR",3.52E+14,FALSE,600,11
87031348,48.8851668,2.3274497,48.9447842,2.3838367,7000,02/10/2015,07:24,20150210T07:24:00,Paris,"WALK,BUS,RAIL,SUBWAY",3.52E+14,FALSE,600,7
87306871,48.84422732,2.30871277,48.8442627,2.3089313,1400,02/10/2015,23:40,20150210T23:40:00,Paris,"WALK,BUS,RAIL,TRAM,SUBWAY,CABLE_CAR",3.52E+14,FALSE,600,23
87190851,48.84465215,2.373108148,48.84348691,2.615797616,1400,02/10/2015,15:57,20150210T15:57:00,Paris,"WALK,BUS,TRAM,RAIL,SUBWAY,CABLE_CAR",3.52E+14,FALSE,600,15
86686575,48.7081291,2.8658308,48.806374,2.617592,1400,02/10/2015,07:00,20150210T07:00:00,Paris,"WALK,BUS,TRAM,RAIL,SUBWAY,CABLE_CAR",3.52E+14,FALSE,600,7
87073157,48.84262,2.3554459,48.84245962,2.41781141,1400,02/10/2015,07:22,20150210T07:22:00,Paris,"WALK,BUS,RAIL,TRAM,SUBWAY,CABLE_CAR",3.52E+14,FALSE,600,7
87089504,48.7510228,2.215711096,48.88756603,2.172421027,1400,02/10/2015,08:46,20150210T08:46:00,Paris,"WALK,BUS,TRAM,RAIL,SUBWAY,CABLE_CAR",3.52E+14,FALSE,600,8
87246691,48.8447174,2.2874637,48.84971694,2.348925558,1400,02/10/2015,19:13,20150210T19:13:00,Paris,"WALK,BUS",3.52E+14,FALSE,600,19
87075247,48.8851668,2.3274497,48.9447842,2.3838367,7000,02/10/2015,07:33,20150210T07:33:00,Paris,"WALK,BUS,RAIL,SUBWAY",3.52E+14,FALSE,600,7
87104041,48.9387915,2.6066995,48.902029,2.570773,1400,02/10/2015,10:05,20150210T10:05:00,Paris,"WALK,BUS,RAIL,TRAM,SUBWAY,CABLE_CAR",3.52E+14,FALSE,600,10
87216065,48.8339181,2.3449097,48.8247241,2.3478959,1400,02/10/2015,17:18,20150210T17:18:00,Paris,"WALK,BUS,RAIL,TRAM,SUBWAY,CABLE_CAR",3.52E+14,FALSE,600,17
87172251,48.92037696,2.185203485,48.89212347,2.237761617,1400,02/10/2015,14:55,20150210T14:55:00,Paris,"WALK,BUS,RAIL,TRAM,SUBWAY,CABLE_CAR",3.52E+14,FALSE,600,14
87283188,48.83684699,2.326054493,48.8691745,2.3474703,1400,02/10/2015,21:48,20150210T21:48:00,Paris,"WALK,BUS",3.52E+14,FALSE,600,21
87252511,48.87758,2.3766792,48.8603802,2.4209965,1400,02/10/2015,19:30,20150210T19:30:00,Paris,"WALK,BUS,RAIL,TRAM,SUBWAY,CABLE_CAR",3.52E+14,FALSE,600,19
87148345,48.89399115,2.191472724,48.83380859,2.243480614,1400,02/10/2015,13:26,20150210T13:26:00,Paris,"WALK,RAIL",3.52E+14,FALSE,600,13
87220908,48.89191537,2.238357067,48.83982,2.39573,1400,02/10/2015,17:34,20150210T17:34:00,Paris,"WALK,BUS,RAIL,TRAM,SUBWAY,CABLE_CAR",3.52E+14,FALSE,600,17
87299992,48.86631888,2.28009638,48.8675624,2.2858529,1400,02/10/2015,23:02,20150210T23:02:00,Paris,"WALK,BUS,RAIL,TRAM,SUBWAY,CABLE_CAR",3.52E+14,FALSE,600,23
87240854,48.8732855,2.3935915,48.87168037,2.301120758,1400,02/10/2015,18:45,20150210T18:45:00,Paris,"WALK,BUS,SUBWAY,CABLE_CAR",3.52E+14,FALSE,600,18
87205487,48.8518747,2.3565291,48.8362009,2.3021788,1400,02/10/2015,17:06,20150210T17:06:00,Paris,"WALK,BUS,RAIL,TRAM,SUBWAY,CABLE_CAR",3.52E+14,FALSE,600,17
87101144,48.8135663,2.2956048,48.7998743,2.3228199,70000,02/10/2015,09:49,20150210T09:49:00,Paris,"WALK,BUS,TRAM,RAIL,SUBWAY,CABLE_CAR",3.52E+14,FALSE,600,9
87294676,48.82303419,2.325375639,48.7885354,2.3162274,1400,02/10/2015,22:40,20150210T22:40:00,Paris,"WALK,BUS,TRAM,RAIL,SUBWAY,CABLE_CAR",3.52E+14,FALSE,600,22
87157879,48.86265085,2.47814664,48.8662044,2.3466411,1400,02/10/2015,14:03,20150210T14:03:00,Paris,"WALK,BUS,TRAM,RAIL,SUBWAY,CABLE_CAR",3.52E+14,FALSE,600,14
87219241,48.84267269,2.632304437,48.8905244,2.3618431,1400,02/10/2015,17:28,20150210T17:28:00,Paris,"WALK,BUS,TRAM,RAIL,SUBWAY,CABLE_CAR",3.52E+14,FALSE,600,17
87041900,48.8752478,2.5187595,48.90666659,2.365230136,1400,02/10/2015,10:40,20150210T10:40:00,Paris,"WALK,BUS,RAIL,TRAM,SUBWAY,CABLE_CAR",3.52E+14,TRUE,600,10
87238869,48.89458139,2.274845115,48.92086698,2.313676308,2800,02/10/2015,18:37,20150210T18:37:00,Paris,"WALK,BUS,TRAM,RAIL,SUBWAY,CABLE_CAR",3.52E+14,FALSE,600,18
87155308,48.91241085,2.403174751,48.8428187,2.3061647,1400,02/10/2015,13:53,20150210T13:53:00,Paris,"WALK,BUS,TRAM,RAIL,SUBWAY,CABLE_CAR",3.52E+14,FALSE,600,13
87014275,48.78527614,2.45165309,48.85119417,2.375931737,1400,02/10/2015,09:30,20150210T09:30:00,Paris,"WALK,BUS,RAIL,TRAM,SUBWAY,CABLE_CAR",3.52E+14,TRUE,600,9
87118809,48.80575,2.32564,48.90168,2.3870308,1400,02/10/2015,11:19,20150210T11:19:00,Paris,"WALK,BUS,RAIL,TRAM,SUBWAY,CABLE_CAR",3.52E+14,FALSE,600,11
87294269,48.8427876,2.3470972,48.84465215,2.373108148,7000,02/10/2015,22:38,20150210T22:38:00,Paris,"WALK,BUS,RAIL,TRAM,SUBWAY,CABLE_CAR",3.52E+14,FALSE,600,22
87138192,48.87791473,2.284244299,48.81398832,2.391527053,1400,02/10/2015,12:46,20150210T12:46:00,Paris,"WALK,BUS,RAIL,TRAM,SUBWAY,CABLE_CAR",3.52E+14,FALSE,600,12
87106324,48.91614481,2.289601958,48.8547359,2.3191956,1400,02/10/2015,10:16,20150210T10:16:00,Paris,"WALK,BUS,TRAM,RAIL,SUBWAY,CABLE_CAR",3.52E+14,FALSE,600,10
87168468,48.83934151,2.494038069,48.8298307,2.376120009,70000,02/10/2015,14:42,20150210T14:42:00,Paris,"WALK,BUS,TRAM,RAIL,SUBWAY,CABLE_CAR",3.52E+14,FALSE,600,14
87091409,48.7510228,2.215711096,48.88756603,2.172421027,1400,02/10/2015,08:56,20150210T08:56:00,Paris,"WALK,BUS,TRAM,RAIL,SUBWAY,CABLE_CAR",3.52E+14,FALSE,600,8
87111208,48.7916456,2.401191,48.7915324,2.4011691,1400,02/10/2015,10:41,20150210T10:41:00,Paris,"WALK,BUS,RAIL,TRAM,SUBWAY,CABLE_CAR",3.52E+14,FALSE,600,10
87085146,48.87835,2.2418995,48.85994,2.31146,1400,02/10/2015,08:24,20150210T08:24:00,Paris,"WALK,BUS,RAIL,TRAM,SUBWAY,CABLE_CAR",3.52E+14,FALSE,600,8
87083635,48.80831894,2.272718465,48.8636411,2.4446241,1400,02/10/2015,08:15,20150210T08:15:00,Paris,"WALK,BUS,RAIL,TRAM,SUBWAY,CABLE_CAR",3.52E+14,TRUE,600,8
87215170,48.86759781,2.363964915,48.8686531,2.3668162,140,02/10/2015,17:30,20150210T17:30:00,Paris,"WALK,BUS,RAIL,TRAM,SUBWAY,CABLE_CAR",3.52E+14,TRUE,600,17
87217009,48.92037696,2.185203485,48.906901,2.1512509,700,02/10/2015,17:40,20150210T17:40:00,Paris,"WALK,BUS,TRAM,RAIL,SUBWAY,CABLE_CAR",3.52E+14,FALSE,600,17
87204423,48.7989608,2.3786329,48.85348739,2.513665403,1400,02/10/2015,16:42,20150210T16:42:00,Paris,"WALK,BUS,RAIL,TRAM,SUBWAY,CABLE_CAR",3.52E+14,FALSE,600,16
87239483,48.75538678,1.943950171,48.97341858,2.514197136,1400,02/10/2015,23:38,20150210T23:38:00,Paris,"WALK,BUS,TRAM,RAIL,SUBWAY,CABLE_CAR",3.52E+14,TRUE,600,23
87063929,48.90050551,2.314512877,48.962113,2.298126,1400,02/10/2015,06:33,20150210T06:33:00,Paris,"WALK,BUS,TRAM,RAIL,SUBWAY,CABLE_CAR",3.52E+14,FALSE,600,6
87109866,48.8466597,2.3489787,48.858346,2.294471,1400,02/10/2015,10:34,20150210T10:34:00,Paris,"WALK,BUS,RAIL,TRAM,SUBWAY,CABLE_CAR",3.52E+14,FALSE,600,10
87077543,48.84418951,2.324441232,48.84071938,2.228797674,1400,02/10/2015,07:45,20150210T07:45:00,Paris,"WALK,BUS,RAIL,TRAM,SUBWAY,CABLE_CAR",3.52E+14,FALSE,600,7
87070407,48.82491593,2.274705945,48.8332122,2.2942155,1400,02/10/2015,07:32,20150210T07:32:00,Paris,"WALK,BUS,TRAM,RAIL,SUBWAY,CABLE_CAR",3.52E+14,FALSE,600,7
87218181,48.85268863,2.333391436,48.87081237,2.332234383,1400,02/10/2015,17:24,20150210T17:24:00,Paris,"WALK,BUS,TRAM,RAIL,SUBWAY,CABLE_CAR",3.52E+14,FALSE,600,17
87242673,48.85379222,2.488034742,48.72876,2.371562,1400,02/10/2015,18:52,20150210T18:52:00,Paris,"WALK,BUS,TRAM,RAIL,SUBWAY,CABLE_CAR",3.52E+14,FALSE,600,18
87108395,48.8466325,2.3489749,48.8552954,2.3248703,1400,02/10/2015,10:27,20150210T10:27:00,Paris,"WALK,BUS,RAIL,TRAM,SUBWAY,CABLE_CAR",3.52E+14,FALSE,600,10
87065875,48.72430993,2.258812271,49.00468482,2.57042957,1400,02/10/2015,06:45,20150210T06:45:00,Paris,"WALK,BUS,TRAM,RAIL,SUBWAY,CABLE_CAR",3.52E+14,FALSE,600,6
87194958,48.84950465,2.349355845,48.8264971,2.3244688,1400,02/10/2015,16:10,20150210T16:10:00,Paris,"WALK,BUS,TRAM,RAIL,SUBWAY,CABLE_CAR",3.52E+14,FALSE,600,16
87265351,48.83775042,2.296587936,48.83245,2.3754745,70000,02/10/2015,20:24,20150210T20:24:00,Paris,"WALK,BUS,TRAM,RAIL,SUBWAY,CABLE_CAR",3.52E+14,FALSE,600,20
87165614,48.947602,2.524560261,48.8553101,2.3387941,1400,02/10/2015,14:31,20150210T14:31:00,Paris,"WALK,BUS,TRAM,RAIL,SUBWAY,CABLE_CAR",3.52E+14,FALSE,600,14
86975270,48.87974306,2.35460081,48.8193504,2.2882406,1400,02/10/2015,09:00,20150210T09:00:00,Paris,"WALK,BUS,RAIL,TRAM,SUBWAY,CABLE_CAR",3.52E+14,FALSE,600,9
87301470,48.85779759,2.274084091,48.931783,2.260726,1400,02/10/2015,23:09,20150210T23:09:00,Paris,"WALK,BUS,RAIL,TRAM,SUBWAY,CABLE_CAR",3.52E+14,FALSE,600,23
87237094,48.86801022,2.3120147,48.87235,2.34542,1400,02/10/2015,18:30,20150210T18:30:00,Paris,"WALK,BUS,RAIL,TRAM,SUBWAY,CABLE_CAR",3.52E+14,FALSE,600,18
87307193,48.91672898,2.40156372,48.9190061,2.4025635,7000,02/10/2015,23:42,20150210T23:42:00,Paris,"WALK,BUS,RAIL,TRAM,SUBWAY,CABLE_CAR",3.52E+14,FALSE,600,23
87257139,48.8202561,2.2498273,48.8615056,2.3478223,1400,02/10/2015,19:49,20150210T19:49:00,Paris,"WALK,BUS,RAIL,TRAM,SUBWAY,CABLE_CAR",3.52E+14,FALSE,600,19
87297371,48.9701785,2.4109541,48.7932732,2.4465561,1400,02/10/2015,22:51,20150210T22:51:00,Paris,"WALK,BUS,TRAM,RAIL,SUBWAY,CABLE_CAR",3.52E+14,FALSE,600,22
87229732,48.89212347,2.237761617,48.852297,2.3618892,1400,02/10/2015,18:05,20150210T18:05:00,Paris,"WALK,BUS,RAIL,TRAM,SUBWAY,CABLE_CAR",3.52E+14,FALSE,600,18
87250130,48.88029339,2.356642958,48.84418951,2.324441232,1400,02/10/2015,19:21,20150210T19:21:00,Paris,"WALK,BUS,TRAM,RAIL,SUBWAY,CABLE_CAR",3.52E+14,FALSE,600,19
87088680,48.78396459,2.284036847,48.89191537,2.238357067,1400,02/10/2015,08:41,20150210T08:41:00,Paris,"WALK,TRAM,RAIL,SUBWAY,CABLE_CAR",3.52E+14,FALSE,600,8
87189519,48.84465215,2.373108148,48.85873,2.28219,1400,02/10/2015,15:52,20150210T15:52:00,Paris,"WALK,BUS",3.52E+14,FALSE,600,15
87082409,48.87568151,2.325591585,48.89191537,2.238357067,1400,02/10/2015,08:11,20150210T08:11:00,Paris,"WALK,BUS,RAIL,TRAM,SUBWAY,CABLE_CAR",3.52E+14,FALSE,600,8
87265210,48.74314489,2.393104937,48.8145117,2.4192356,1400,02/10/2015,20:23,20150210T20:23:00,Paris,"WALK,BUS,TRAM,RAIL,SUBWAY,CABLE_CAR",3.52E+14,FALSE,600,20
87118004,48.86719432,2.296393456,48.8828124,2.3232743,420,02/10/2015,11:15,20150210T11:15:00,Paris,"WALK,BUS,TRAM,RAIL,SUBWAY,CABLE_CAR",3.52E+14,FALSE,600,11
87078519,48.52724753,2.654834728,48.884831,2.26851,1400,02/10/2015,07:50,20150210T07:50:00,Paris,"WALK,BUS,RAIL,TRAM,SUBWAY,CABLE_CAR",3.52E+14,FALSE,600,7
87248142,48.88406698,2.30849918,48.84205986,2.32886705,229658,02/10/2015,19:13,20150210T19:13:00,Paris,"WALK,BUS,TRAM,RAIL,SUBWAY,CABLE_CAR",3.52E+14,FALSE,600,19
87086657,48.84150317,2.307997942,48.8194305,2.3198318,1400,02/10/2015,08:31,20150210T08:31:00,Paris,"WALK,BUS,TRAM,RAIL,SUBWAY,CABLE_CAR",3.52E+14,FALSE,600,8
87048748,48.8671442,2.5266599,48.8460497,2.4369525,1400,02/10/2015,07:06,20150210T07:06:00,Paris,"WALK,BUS,CABLE_CAR",3.52E+14,FALSE,600,7
87139187,48.89546779,2.342277579,48.91535,2.35521,70000,02/10/2015,12:49,20150210T12:49:00,Paris,"WALK,BUS,TRAM,RAIL,SUBWAY,CABLE_CAR",3.52E+14,TRUE,600,12
87189562,48.82800751,2.371877348,48.84465215,2.373108148,1400,02/10/2015,15:52,20150210T15:52:00,Paris,"WALK,BUS,TRAM,RAIL,SUBWAY,CABLE_CAR",3.52E+14,FALSE,600,15
87135392,48.88451956,2.479308452,48.87568151,2.325591585,1400,02/10/2015,12:34,20150210T12:34:00,Paris,"WALK,BUS,TRAM,RAIL,SUBWAY,CABLE_CAR",3.52E+14,FALSE,600,12
87234947,48.78738691,2.044472046,48.85006767,2.384428771,1400,02/10/2015,18:23,20150210T18:23:00,Paris,"WALK,BUS,RAIL,TRAM,SUBWAY,CABLE_CAR",3.52E+14,FALSE,600,18
87079388,48.99258674,1.913646374,48.99177,1.90597,1400,02/10/2015,07:55,20150210T07:55:00,Paris,"WALK,BUS,RAIL,TRAM,SUBWAY,CABLE_CAR",3.52E+14,FALSE,600,7
87127785,48.8003441,2.288339,48.85433512,2.305680513,1400,02/10/2015,12:30,20150210T12:30:00,Paris,"WALK,BUS,RAIL,TRAM,SUBWAY,CABLE_CAR",3.52E+14,FALSE,600,12
87214711,48.56225,2.600995,48.539558,2.625733,1400,02/10/2015,17:14,20150210T17:14:00,Paris,"WALK,BUS,RAIL,TRAM,SUBWAY,CABLE_CAR",3.52E+14,FALSE,600,17
87245605,48.9565763,2.248871133,48.9651709,2.235925,1400,02/10/2015,19:03,20150210T19:03:00,Paris,"WALK,BUS,RAIL,TRAM,SUBWAY,CABLE_CAR",3.52E+14,FALSE,600,19
87110666,48.8557114,2.2747699,48.88047,2.30081,1400,02/10/2015,10:37,20150210T10:37:00,Paris,"WALK,BUS,RAIL,TRAM,SUBWAY,CABLE_CAR",3.52E+14,FALSE,600,10
87090211,48.84250899,2.13871238,48.89212347,2.237761617,1400,02/10/2015,08:49,20150210T08:49:00,Paris,"WALK,BUS,RAIL,TRAM,SUBWAY,CABLE_CAR",3.52E+14,FALSE,600,8
87186839,48.86105102,2.414615864,48.8699516,2.3082499,1400,02/10/2015,15:43,20150210T15:43:00,Paris,"WALK,RAIL",3.52E+14,FALSE,600,15
87125525,48.85713395,2.374481019,48.8794559,2.3026374,1400,02/10/2015,11:51,20150210T11:51:00,Paris,"WALK,BUS,TRAM,RAIL,SUBWAY,CABLE_CAR",3.52E+14,FALSE,600,11
87201172,48.87264311,2.294187918,48.7946384,2.4353242,1400,02/10/2015,16:30,20150210T16:30:00,Paris,"WALK,BUS,TRAM,RAIL,SUBWAY,CABLE_CAR",3.52E+14,FALSE,600,16
87138100,48.82680682,2.366266251,48.86735038,2.347567235,1400,02/10/2015,12:46,20150210T12:46:00,Paris,"WALK,BUS,RAIL,TRAM,SUBWAY,CABLE_CAR",3.52E+14,FALSE,600,12
87293963,48.8548182,2.3868967,48.8952056,2.2962979,1400,02/10/2015,22:36,20150210T22:36:00,Paris,"WALK,RAIL,TRAM,SUBWAY,CABLE_CAR",3.52E+14,FALSE,600,22
87223897,48.9079383,2.543400005,48.8977487,2.359201312,1400,02/10/2015,17:44,20150210T17:44:00,Paris,"WALK,BUS,TRAM,RAIL,SUBWAY,CABLE_CAR",3.52E+14,FALSE,600,17
87146141,48.85628676,2.4675436,48.729914,2.368029,1400,02/10/2015,13:18,20150210T13:18:00,Paris,"WALK,BUS,TRAM,RAIL,SUBWAY,CABLE_CAR",3.52E+14,FALSE,600,13
87123489,48.94022812,2.23452243,48.9516883,2.2289717,1400,02/10/2015,11:42,20150210T11:42:00,Paris,"WALK,BUS,RAIL,TRAM,SUBWAY,CABLE_CAR",3.52E+14,FALSE,600,11
86844523,48.933501,2.30711,48.9533965,2.302185567,1400,02/10/2015,10:00,20150210T10:00:00,Paris,"WALK,BUS,RAIL,TRAM,SUBWAY,CABLE_CAR",3.52E+14,FALSE,600,10
87111656,48.86682318,2.30605625,48.864634,2.293434,1400,02/10/2015,10:43,20150210T10:43:00,Paris,"WALK,BUS,RAIL,TRAM,SUBWAY,CABLE_CAR",3.52E+14,FALSE,600,10
87115759,48.873947,2.2951028,48.85340681,2.345919013,1400,02/10/2015,11:04,20150210T11:04:00,Paris,"WALK,RAIL,TRAM,SUBWAY,CABLE_CAR",3.52E+14,FALSE,600,11
87291035,48.86995362,2.782067872,48.88242253,2.337254682,1400,02/10/2015,22:23,20150210T22:23:00,Paris,"WALK,BUS,RAIL,TRAM,SUBWAY,CABLE_CAR",3.52E+14,FALSE,600,22
87136287,48.89625963,2.447337108,48.87502874,2.326553464,1400,02/10/2015,12:38,20150210T12:38:00,Paris,"WALK,BUS,TRAM,RAIL,SUBWAY,CABLE_CAR",3.52E+14,FALSE,600,12
87278017,48.89794966,2.575352567,48.87414306,2.583181082,1400,02/10/2015,21:25,20150210T21:25:00,Paris,"WALK,BUS,RAIL,TRAM,SUBWAY,CABLE_CAR",3.52E+14,FALSE,600,21
87229531,48.76363821,2.40363748,48.756607,2.3710694,1400,02/10/2015,18:04,20150210T18:04:00,Paris,"WALK,BUS,RAIL,TRAM,SUBWAY,CABLE_CAR",3.52E+14,FALSE,600,18
86760256,48.967935,2.2822288,48.925603,2.328829,70000,02/10/2015,10:00,20150210T10:00:00,Paris,"WALK,BUS,TRAM,RAIL,SUBWAY,CABLE_CAR",3.52E+14,FALSE,600,10
87285035,48.87568151,2.325591585,48.8752478,2.5187595,700,02/10/2015,21:57,20150210T21:57:00,Paris,"WALK,BUS,RAIL,TRAM,SUBWAY,CABLE_CAR",3.52E+14,FALSE,600,21
86913399,48.84956954,2.186725795,48.8668337,2.3079233,1400,02/10/2015,09:05,20150210T09:05:00,Paris,"WALK,BUS,TRAM,RAIL,SUBWAY,CABLE_CAR",3.52E+14,TRUE,600,9
87100920,48.93214103,2.49521734,48.87065006,2.360660434,1400,02/10/2015,09:48,20150210T09:48:00,Paris,"WALK,BUS,RAIL,TRAM,SUBWAY,CABLE_CAR",3.52E+14,FALSE,600,9
87151866,48.84415557,2.34141313,48.8704176,2.3420539,1400,02/10/2015,13:40,20150210T13:40:00,Paris,"WALK,BUS,TRAM,RAIL,SUBWAY,CABLE_CAR",3.52E+14,FALSE,600,13
86975285,48.99600273,2.368801912,48.8910458,2.3312454,700,02/10/2015,08:00,20150210T08:00:00,Paris,"WALK,RAIL,SUBWAY,CABLE_CAR",3.52E+14,TRUE,600,8
86616442,48.6577435,2.3274694,48.84465215,2.373108148,1400,02/10/2015,12:15,20150210T12:15:00,Paris,"WALK,BUS,TRAM,RAIL,SUBWAY,CABLE_CAR",3.52E+14,TRUE,600,12
87288419,48.87974306,2.35460081,48.83427681,2.332203797,1400,02/10/2015,22:12,20150210T22:12:00,Paris,"WALK,RAIL",3.52E+14,FALSE,600,22
87158693,48.8782773,2.322262516,48.86913,2.34582,1400,02/10/2015,14:06,20150210T14:06:00,Paris,"WALK,BUS,TRAM,RAIL,SUBWAY,CABLE_CAR",3.52E+14,FALSE,600,14
87118680,48.83393829,2.355543952,48.8434094,2.3338651,1400,02/10/2015,11:19,20150210T11:19:00,Paris,"WALK,BUS,TRAM,RAIL,SUBWAY,CABLE_CAR",3.52E+14,FALSE,600,11
87098783,48.87180524,2.33121552,48.8498854,2.2854385,700,02/10/2015,09:36,20150210T09:36:00,Paris,"WALK,BUS,RAIL,TRAM,SUBWAY,CABLE_CAR",3.52E+14,FALSE,600,9
87033253,48.72430993,2.258812271,48.7875774,2.0490464,1400,02/10/2015,08:00,20150210T08:00:00,Paris,"WALK,BUS,RAIL,TRAM,SUBWAY,CABLE_CAR",3.52E+14,FALSE,600,8
87235744,48.8720536,2.3132134,48.913878,2.2453028,1400,02/10/2015,18:26,20150210T18:26:00,Paris,"WALK,BUS,RAIL,TRAM,SUBWAY,CABLE_CAR",3.52E+14,FALSE,600,18
87186599,48.8085055,2.4036922,48.828198,2.327058,1400,02/10/2015,17:00,20150210T17:00:00,Paris,"WALK,BUS,RAIL,TRAM,SUBWAY,CABLE_CAR",3.52E+14,TRUE,600,17
87035472,48.78479762,1.987507358,48.8472175,2.387204177,1400,02/10/2015,09:00,20150210T09:00:00,Paris,"WALK,BUS,TRAM,RAIL,SUBWAY,CABLE_CAR",3.52E+14,TRUE,600,9
87150533,48.88515984,2.293129815,48.729914,2.368029,700,02/10/2015,13:34,20150210T13:34:00,Paris,"WALK,SUBWAY",3.52E+14,FALSE,600,13
87146465,48.870592,2.301853,48.870814,2.3030644,1400,02/10/2015,13:19,20150210T13:19:00,Paris,"WALK,BUS,RAIL,TRAM,SUBWAY,CABLE_CAR",3.52E+14,FALSE,600,13
87252368,48.81271907,2.30498757,48.8137981,2.3180113,1400,02/10/2015,19:30,20150210T19:30:00,Paris,"WALK,BUS,TRAM,RAIL,SUBWAY,CABLE_CAR",3.52E+14,FALSE,600,19
86904057,48.70432051,2.321802676,48.79527947,2.135901409,1400,02/10/2015,07:26,20150210T07:26:00,Paris,"WALK,BUS,CABLE_CAR",3.52E+14,FALSE,600,7
87098790,48.91628867,2.289434353,48.8547359,2.3191956,1400,02/10/2015,09:36,20150210T09:36:00,Paris,"WALK,BUS,TRAM,RAIL,SUBWAY,CABLE_CAR",3.52E+14,FALSE,600,9
87205976,48.84460997,2.373143435,48.85379222,2.488034742,1400,02/10/2015,16:45,20150210T16:45:00,Paris,"WALK,BUS,RAIL,TRAM,SUBWAY,CABLE_CAR",3.52E+14,FALSE,600,16
87208931,48.8804654,2.35558033,48.84212,2.36296,1400,02/10/2015,16:55,20150210T16:55:00,Paris,"WALK,BUS,RAIL,TRAM,SUBWAY,CABLE_CAR",3.52E+14,FALSE,600,16
87259647,48.84638066,2.379858379,48.9648132,2.2997201,1400,02/10/2015,19:59,20150210T19:59:00,Paris,"WALK,BUS,TRAM,RAIL,SUBWAY,CABLE_CAR",3.52E+14,FALSE,600,19
87245801,48.8373078,2.5184555,48.84084072,2.547621563,1400,02/10/2015,19:04,20150210T19:04:00,Paris,"WALK,BUS,RAIL,TRAM,SUBWAY,CABLE_CAR",3.52E+14,FALSE,600,19
87111568,48.88004004,2.283138253,48.892829,2.327267,1400,02/10/2015,10:43,20150210T10:43:00,Paris,"WALK,BUS,TRAM,RAIL,SUBWAY,CABLE_CAR",3.52E+14,FALSE,600,10
86555270,48.7062108,2.3161236,48.8454889,2.3690926,1400,02/10/2015,08:50,20150210T08:50:00,Paris,"WALK,BUS,RAIL,TRAM,SUBWAY,CABLE_CAR",3.52E+14,TRUE,600,8
87099218,48.8378053,2.2872993,48.8805735,2.3372758,1400,02/10/2015,10:50,20150210T10:50:00,Paris,"WALK,BUS,RAIL,TRAM,SUBWAY,CABLE_CAR",3.52E+14,TRUE,600,10
87200954,48.93545776,2.51412665,48.86129159,2.353391647,1400,02/10/2015,18:00,20150210T18:00:00,Paris,"WALK,BUS,RAIL,TRAM,SUBWAY,CABLE_CAR",3.52E+14,TRUE,600,18
87217653,48.9353511,2.3687438,48.8993039,2.3045559,1400,02/10/2015,17:23,20150210T17:23:00,Paris,"WALK,BUS,RAIL,TRAM,SUBWAY,CABLE_CAR",3.52E+14,FALSE,600,17
87206054,48.85379222,2.488034742,48.84460997,2.373143435,1400,02/10/2015,16:45,20150210T16:45:00,Paris,"WALK,BUS,RAIL,TRAM,SUBWAY,CABLE_CAR",3.52E+14,FALSE,600,16
87085170,48.91955945,2.343113422,48.88118154,2.365128994,1400,02/10/2015,08:24,20150210T08:24:00,Paris,"WALK,BUS,RAIL,TRAM,SUBWAY,CABLE_CAR",3.52E+14,FALSE,600,8
87230803,48.68576139,2.317681978,48.65281083,2.31259023,1400,02/10/2015,18:05,20150210T18:05:00,Paris,"WALK,BUS,TRAM,RAIL,SUBWAY,CABLE_CAR",3.52E+14,FALSE,600,18
87275187,48.8298307,2.376120009,48.63635177,2.407644106,1400,02/10/2015,21:12,20150210T21:12:00,Paris,"WALK,BUS,TRAM,RAIL,SUBWAY,CABLE_CAR",3.52E+14,FALSE,600,21
87084228,48.80718,2.51034,48.8108266,2.5456545,2100,02/10/2015,08:20,20150210T08:20:00,Paris,"WALK,BUS,TRAM,RAIL,SUBWAY,CABLE_CAR",3.52E+14,FALSE,600,8
87241462,48.8838902,2.379154013,48.8862287,2.3191204,1400,02/10/2015,18:47,20150210T18:47:00,Paris,"WALK,BUS,TRAM,RAIL,SUBWAY,CABLE_CAR",3.52E+14,FALSE,600,18
87097972,48.94773071,2.38145785,48.8772691,2.406483293,1400,02/10/2015,09:32,20150210T09:32:00,Paris,"WALK,BUS,RAIL,TRAM,SUBWAY,CABLE_CAR",3.52E+14,FALSE,600,9
87190871,48.93517172,2.45666017,48.909576,2.4880521,1400,02/10/2015,15:57,20150210T15:57:00,Paris,"WALK,BUS,RAIL,TRAM,SUBWAY,CABLE_CAR",3.52E+14,FALSE,600,15
87065931,48.83267426,2.377601098,48.84465215,2.373108148,1400,02/10/2015,06:46,20150210T06:46:00,Paris,"WALK,BUS,TRAM,RAIL,SUBWAY,CABLE_CAR",3.52E+14,FALSE,600,6
87269760,48.704255,2.37431,48.8788183,2.1787277,1400,02/10/2015,20:43,20150210T20:43:00,Paris,"WALK,BUS,RAIL,TRAM,SUBWAY,CABLE_CAR",3.52E+14,FALSE,600,20
87104393,48.85385861,2.289361954,48.85856967,2.347933246,1400,02/10/2015,10:06,20150210T10:06:00,Paris,"WALK,BUS,TRAM,RAIL,SUBWAY,CABLE_CAR",3.52E+14,FALSE,600,10
86999986,48.7848677,2.530417275,48.9192348,2.3544819,1400,02/10/2015,07:45,20150210T07:45:00,Paris,"WALK,BUS,TRAM,RAIL,SUBWAY,CABLE_CAR",3.52E+14,FALSE,600,7
87297595,48.7801154,2.2288348,48.9631757,2.2886951,1400,02/10/2015,22:52,20150210T22:52:00,Paris,"WALK,BUS,TRAM,RAIL,SUBWAY,CABLE_CAR",3.52E+14,FALSE,600,22
87110706,48.867503,2.363811,48.884304,2.338559,1400,02/10/2015,10:38,20150210T10:38:00,Paris,"WALK,BUS,RAIL,TRAM,SUBWAY,CABLE_CAR",3.52E+14,FALSE,600,10
87085196,48.72420881,2.443315726,48.8357882,2.3233353,1400,02/10/2015,08:24,20150210T08:24:00,Paris,"WALK,BUS,RAIL,TRAM,SUBWAY,CABLE_CAR",3.52E+14,FALSE,600,8
87305883,48.74188093,2.402758683,48.836708,2.226159,1400,02/10/2015,23:34,20150210T23:34:00,Paris,"WALK,BUS,TRAM,RAIL,SUBWAY,CABLE_CAR",3.52E+14,FALSE,600,23
87163324,48.8997104,2.2375693,48.9022134,2.3694235,1400,02/10/2015,14:45,20150210T14:45:00,Paris,"WALK,BUS,TRAM,RAIL,SUBWAY,CABLE_CAR",3.52E+14,FALSE,600,14
87063698,48.93444824,2.345452666,48.98064017,2.271926242,1400,02/10/2015,06:33,20150210T06:33:00,Paris,"WALK,BUS,RAIL,TRAM,SUBWAY,CABLE_CAR",3.52E+14,FALSE,600,6
87074278,48.8556583,2.381345349,48.81669,2.33494,420,02/10/2015,07:28,20150210T07:28:00,Paris,"WALK,BUS,TRAM,RAIL,SUBWAY,CABLE_CAR",3.52E+14,FALSE,600,7
87244628,48.9038846,2.305369377,48.9061888,2.3132849,1400,02/10/2015,18:59,20150210T18:59:00,Paris,"WALK,BUS,SUBWAY,CABLE_CAR",3.52E+14,FALSE,600,18
87081028,48.84288235,2.579928313,48.8659806,2.3499528,1400,02/10/2015,08:04,20150210T08:04:00,Paris,"WALK,BUS,SUBWAY,CABLE_CAR",3.52E+14,FALSE,600,8
87233895,48.7047378,2.431224,48.7046059,2.4313008,1400,02/10/2015,18:19,20150210T18:19:00,Paris,"WALK,BUS,RAIL,TRAM,SUBWAY,CABLE_CAR",3.52E+14,FALSE,600,18
86855303,48.81630989,2.365134107,48.8474,2.34354,1400,02/10/2015,08:00,20150210T08:00:00,Paris,"WALK,BUS,TRAM,RAIL,SUBWAY,CABLE_CAR",3.52E+14,FALSE,600,8
87111445,48.8772691,2.406483293,48.85735994,2.309993505,700,02/10/2015,10:42,20150210T10:42:00,Paris,"WALK,BUS,RAIL,TRAM,SUBWAY,CABLE_CAR",3.52E+14,FALSE,600,10
87092002,48.87974306,2.35460081,48.8688409,2.2903823,1400,02/10/2015,08:59,20150210T08:59:00,Paris,"WALK,BUS,TRAM,RAIL,SUBWAY,CABLE_CAR",3.52E+14,FALSE,600,8
87225640,48.73011952,2.445977625,48.7187486,2.4762056,1400,02/10/2015,18:00,20150210T18:00:00,Paris,"WALK,BUS,TRAM,RAIL,SUBWAY,CABLE_CAR",3.52E+14,FALSE,600,18
86871946,48.89125795,2.23029939,48.8795526,2.3522642,1400,02/10/2015,09:50,20150210T09:50:00,Paris,"WALK,BUS,RAIL,TRAM,SUBWAY,CABLE_CAR",3.52E+14,TRUE,600,9
87021808,48.67948766,2.315929922,48.7764214,2.2878546,1400,02/10/2015,08:30,20150210T08:30:00,Paris,"WALK,BUS,RAIL,TRAM,SUBWAY,CABLE_CAR",3.52E+14,TRUE,600,8
87127607,48.7351826,2.4602402,48.8363819,2.2606912,1400,02/10/2015,15:30,20150210T15:30:00,Paris,"WALK,BUS,RAIL,TRAM,SUBWAY,CABLE_CAR",3.52E+14,TRUE,600,15
87204069,48.91899012,2.36206778,48.935234,2.3458822,1400,02/10/2015,16:39,20150210T16:39:00,Paris,"WALK,BUS,RAIL,TRAM,SUBWAY,CABLE_CAR",3.52E+14,FALSE,600,16
87269635,48.69589,2.3795323,48.707806,2.3864574,1400,02/10/2015,20:43,20150210T20:43:00,Paris,"WALK,BUS,RAIL,TRAM,SUBWAY,CABLE_CAR",3.52E+14,FALSE,600,20
87014137,48.99336731,2.287935245,48.8529682,2.3499021,1400,02/10/2015,09:18,20150210T09:18:00,Paris,"WALK,BUS,TRAM,RAIL,SUBWAY,CABLE_CAR",3.52E+14,FALSE,600,9
87184019,48.82244269,2.297932105,48.8634369,2.3525351,1400,02/10/2015,15:34,20150210T15:34:00,Paris,"WALK,BUS,TRAM,CABLE_CAR",3.52E+14,FALSE,600,15
87152191,48.8482983,2.4454366,48.87974306,2.35460081,1400,02/10/2015,13:41,20150210T13:41:00,Paris,"WALK,BUS,RAIL,TRAM,SUBWAY,CABLE_CAR",3.52E+14,FALSE,600,13
87018460,48.85785052,2.529964149,49.009695,2.547854,1400,02/10/2015,15:30,20150210T15:30:00,Paris,"WALK,BUS,TRAM,RAIL,SUBWAY,CABLE_CAR",3.52E+14,FALSE,600,15
87219143,48.87410325,2.313082406,48.8464087,2.3756966,1400,02/10/2015,17:28,20150210T17:28:00,Paris,"WALK,BUS,TRAM,RAIL,SUBWAY,CABLE_CAR",3.52E+14,FALSE,600,17
87162769,48.65396738,2.396027343,48.84460997,2.373143435,1400,02/10/2015,14:30,20150210T14:30:00,Paris,"WALK,BUS,RAIL,TRAM,SUBWAY,CABLE_CAR",3.52E+14,FALSE,600,14
87252275,48.99172517,2.16954119,48.842003,2.3659024,1400,02/10/2015,19:29,20150210T19:29:00,Paris,"WALK,BUS,RAIL,TRAM,SUBWAY,CABLE_CAR",3.52E+14,FALSE,600,19
87150077,48.824333,2.2606127,48.87927215,2.303298547,1400,02/10/2015,13:33,20150210T13:33:00,Paris,"WALK,BUS,RAIL,TRAM,SUBWAY,CABLE_CAR",3.52E+14,FALSE,600,13
87034443,48.9199692,2.2808939,48.9364696,2.4653981,140,02/10/2015,08:30,20150210T08:30:00,Paris,"WALK,BUS,RAIL,TRAM,SUBWAY,CABLE_CAR",3.52E+14,FALSE,600,8
87137689,48.887351,2.3083306,48.8970152,2.3086883,1400,02/10/2015,12:44,20150210T12:44:00,Paris,"WALK,BUS,RAIL,TRAM,SUBWAY,CABLE_CAR",3.52E+14,FALSE,600,12
87101617,48.84360673,2.270200336,48.88936,2.30811,1400,02/10/2015,09:52,20150210T09:52:00,Paris,"WALK,SUBWAY,CABLE_CAR",3.52E+14,FALSE,600,9
87222835,48.8809107,2.358675518,48.86979472,2.324612012,2100,02/10/2015,17:40,20150210T17:40:00,Paris,"WALK,BUS,TRAM,RAIL,SUBWAY,CABLE_CAR",3.52E+14,FALSE,600,17
87277156,48.87186678,2.330237143,48.8547487,2.2947742,1400,02/10/2015,21:21,20150210T21:21:00,Paris,"WALK,BUS",3.52E+14,FALSE,600,21
87218440,48.80404734,2.07908978,48.81498,1.99579,1400,02/10/2015,17:25,20150210T17:25:00,Paris,"WALK,BUS,TRAM,RAIL,SUBWAY,CABLE_CAR",3.52E+14,FALSE,600,17
87109903,48.8284308,2.3628669,48.8338736,2.3642321,7000,02/10/2015,10:34,20150210T10:34:00,Paris,"WALK,BUS,RAIL,TRAM,SUBWAY,CABLE_CAR",3.52E+14,FALSE,600,10
86943490,48.7865372,2.4231705,48.6577619,2.3689593,1400,02/10/2015,07:48,20150210T07:48:00,Paris,"WALK,BUS,RAIL,TRAM,SUBWAY,CABLE_CAR",3.52E+14,FALSE,600,7
86971381,48.94679705,2.258011306,48.923325,2.217312,1400,02/10/2015,08:44,20150210T08:44:00,Paris,"WALK,BUS,RAIL,TRAM,SUBWAY,CABLE_CAR",3.52E+14,FALSE,600,8
86985083,48.53288724,2.289934098,48.83128266,2.35545587,1400,02/10/2015,07:36,20150210T07:36:00,Paris,"WALK,BUS,TRAM,RAIL,SUBWAY,CABLE_CAR",3.52E+14,FALSE,600,7
87096385,48.87791473,2.284244299,48.81398832,2.391527053,1400,02/10/2015,13:30,20150210T13:30:00,Paris,"WALK,BUS,RAIL,TRAM,SUBWAY,CABLE_CAR",3.52E+14,FALSE,600,13
87179833,48.7169479,2.245525094,48.829702,2.380586,1400,02/10/2015,15:20,20150210T15:20:00,Paris,"WALK,BUS,RAIL,TRAM,SUBWAY,CABLE_CAR",3.52E+14,FALSE,600,15
87190749,48.87006045,2.306979058,48.882168,2.3185121,1400,02/10/2015,15:56,20150210T15:56:00,Paris,"WALK,BUS,TRAM,RAIL,SUBWAY,CABLE_CAR",3.52E+14,FALSE,600,15
87243052,48.89895659,2.425306533,48.88229953,2.481263342,1400,02/10/2015,18:53,20150210T18:53:00,Paris,"WALK,BUS,TRAM,RAIL,SUBWAY,CABLE_CAR",3.52E+14,FALSE,600,18
87283362,48.87336,2.33154,48.858346,2.294471,1400,02/10/2015,21:49,20150210T21:49:00,Paris,"WALK,BUS,RAIL,TRAM,SUBWAY,CABLE_CAR",3.52E+14,FALSE,600,21
87241793,48.84022174,2.353577169,48.8504652,2.3837832,1400,02/10/2015,18:48,20150210T18:48:00,Paris,"WALK,BUS,TRAM,RAIL,SUBWAY,CABLE_CAR",3.52E+14,FALSE,600,18
87308031,48.84352967,2.364093661,48.8120238,2.397462,1400,02/10/2015,23:47,20150210T23:47:00,Paris,"WALK,BUS,RAIL,TRAM,SUBWAY,CABLE_CAR",3.52E+14,FALSE,600,23
87087949,48.85270161,1.991993498,48.84098771,2.320379019,1400,02/10/2015,14:00,20150210T14:00:00,Paris,"WALK,TRAM,RAIL,SUBWAY,CABLE_CAR",3.52E+14,FALSE,600,14
87133757,48.8768449,2.3400672,48.8108913,2.4109337,1400,02/10/2015,12:27,20150210T12:27:00,Paris,"WALK,BUS,RAIL,TRAM,SUBWAY,CABLE_CAR",3.52E+14,FALSE,600,12
87269935,48.70435833,2.37436,48.8788183,2.1787277,1400,02/10/2015,20:44,20150210T20:44:00,Paris,"WALK,BUS,RAIL,TRAM,SUBWAY,CABLE_CAR",3.52E+14,FALSE,600,20
87214932,48.56225,2.600995,48.5386735,2.6338301,1400,02/10/2015,17:14,20150210T17:14:00,Paris,"WALK,BUS,RAIL,TRAM,SUBWAY,CABLE_CAR",3.52E+14,FALSE,600,17
87295419,48.87682457,2.359099388,48.87818498,2.370174547,1400,02/10/2015,22:43,20150210T22:43:00,Paris,"WALK,BUS,TRAM,RAIL,SUBWAY,CABLE_CAR",3.52E+14,FALSE,600,22
87143675,48.84591427,2.331203828,48.8581809,2.3298463,1400,02/10/2015,13:09,20150210T13:09:00,Paris,"WALK,BUS,TRAM,RAIL,SUBWAY,CABLE_CAR",3.52E+14,FALSE,600,13
87262149,48.85310297,2.330136225,48.80829343,2.334206613,1400,02/10/2015,20:10,20150210T20:10:00,Paris,"WALK,SUBWAY,CABLE_CAR",3.52E+14,FALSE,600,20
87160195,48.84671,2.33641,48.97341858,2.514197136,420,02/10/2015,14:11,20150210T14:11:00,Paris,"WALK,BUS,RAIL,SUBWAY,CABLE_CAR",3.52E+14,FALSE,600,14
87072006,48.7874091,2.3677893,48.815544,2.3630056,1400,02/10/2015,07:17,20150210T07:17:00,Paris,"WALK,BUS,RAIL,TRAM,SUBWAY,CABLE_CAR",3.52E+14,FALSE,600,7
87078200,48.87572176,2.249816702,48.8453646,2.2562641,1400,02/10/2015,09:00,20150210T09:00:00,Paris,"WALK,BUS,TRAM,RAIL,SUBWAY,CABLE_CAR",3.52E+14,TRUE,600,9
87113848,48.9360093,2.3437938,48.840977,2.3202393,1400,02/10/2015,10:55,20150210T10:55:00,Paris,"WALK,BUS,RAIL,TRAM,SUBWAY,CABLE_CAR",3.52E+14,FALSE,600,10
87255628,48.9019374,2.4850003,48.8744224,2.3850977,1400,02/10/2015,19:43,20150210T19:43:00,Paris,"WALK,SUBWAY,CABLE_CAR",3.52E+14,FALSE,600,19
87210237,49.0377068,2.0798046,49.0229922,1.9873119,1400,02/10/2015,16:59,20150210T16:59:00,Paris,"WALK,BUS,RAIL,TRAM,SUBWAY,CABLE_CAR",3.52E+14,FALSE,600,16
87082569,48.84098771,2.320379019,48.877165,2.406419,700,02/10/2015,08:11,20150210T08:11:00,Paris,"WALK,SUBWAY",3.52E+14,FALSE,600,8
86744377,48.910794,2.234006,48.877102,2.371287,1400,02/10/2015,09:00,20150210T09:00:00,Paris,"WALK,BUS,TRAM,RAIL,SUBWAY,CABLE_CAR",3.52E+14,FALSE,600,9
87103656,48.75094307,2.51075932,48.74645491,2.727066572,1400,02/10/2015,10:22,20150210T10:22:00,Paris,"WALK,BUS,RAIL,TRAM,SUBWAY,CABLE_CAR",3.52E+14,FALSE,600,10
87133101,48.85777283,2.359286833,48.87568151,2.325591585,1400,02/10/2015,12:25,20150210T12:25:00,Paris,"WALK,BUS,TRAM,RAIL,SUBWAY,CABLE_CAR",3.52E+14,FALSE,600,12
87134113,48.9431146,2.2491072,48.90359545,2.392197847,1400,02/10/2015,12:29,20150210T12:29:00,Paris,"WALK,BUS,RAIL,TRAM,SUBWAY,CABLE_CAR",3.52E+14,FALSE,600,12
87231412,48.83909754,2.285988707,48.8638537,2.348713875,700,02/10/2015,18:11,20150210T18:11:00,Paris,"WALK,SUBWAY",3.52E+14,FALSE,600,18
87101373,48.88305239,2.332137575,48.8683684,2.3485376,700,02/10/2015,09:51,20150210T09:51:00,Paris,"WALK,BUS,TRAM,RAIL,SUBWAY,CABLE_CAR",3.52E+14,FALSE,600,9
87286369,48.87974306,2.35460081,48.85955879,2.905849567,1400,02/10/2015,22:04,20150210T22:04:00,Paris,"WALK,BUS,TRAM,RAIL,SUBWAY,CABLE_CAR",3.52E+14,FALSE,600,22
87223989,48.84696623,2.279727368,48.824563,2.3642071,1400,02/10/2015,17:45,20150210T17:45:00,Paris,"WALK,BUS,TRAM,RAIL,SUBWAY,CABLE_CAR",3.52E+14,FALSE,600,17
87195999,48.8930894,2.2946991,48.8933015,2.379564,1400,02/10/2015,16:14,20150210T16:14:00,Paris,"WALK,BUS,RAIL,TRAM,SUBWAY,CABLE_CAR",3.52E+14,FALSE,600,16
87113711,48.88829586,2.327073142,48.862811,2.3529938,1400,02/10/2015,12:55,20150210T12:55:00,Paris,"WALK,BUS,TRAM,RAIL,SUBWAY,CABLE_CAR",3.52E+14,TRUE,600,12
87172632,48.84421841,2.283417423,49.0096906,2.5479245,1400,02/10/2015,14:56,20150210T14:56:00,Paris,"WALK,BUS,TRAM,RAIL,SUBWAY,CABLE_CAR",3.52E+14,FALSE,600,14
87016020,48.92037696,2.185203485,48.897382,2.1635924,1400,02/10/2015,08:00,20150210T08:00:00,Paris,"WALK,BUS,RAIL,TRAM,SUBWAY,CABLE_CAR",3.52E+14,FALSE,600,8
87183792,48.88117268,2.351628733,48.89785,2.34444,700,02/10/2015,15:31,20150210T15:31:00,Paris,"WALK,BUS",3.52E+14,TRUE,600,15
87020119,48.95081954,3.125028308,48.7877067,2.3300777,1400,02/10/2015,10:00,20150210T10:00:00,Paris,"WALK,BUS,RAIL,TRAM,SUBWAY,CABLE_CAR",3.52E+14,TRUE,600,10
87151242,48.8229405,2.5446535,48.8154643,2.5445729,1400,02/10/2015,13:37,20150210T13:37:00,Paris,"WALK,BUS,RAIL,TRAM,SUBWAY,CABLE_CAR",3.52E+14,FALSE,600,13
87238676,48.7865546,2.4598337,48.84823,2.38076,1400,02/10/2015,18:37,20150210T18:37:00,Paris,"WALK,BUS,RAIL,TRAM,SUBWAY,CABLE_CAR",3.52E+14,FALSE,600,18
87161238,48.94417711,2.566296023,48.84098771,2.320379019,1400,02/10/2015,14:15,20150210T14:15:00,Paris,"WALK,TRAM,RAIL,SUBWAY,CABLE_CAR",3.52E+14,FALSE,600,14
87218974,48.89037408,2.359797009,48.83943928,2.301078042,1400,02/10/2015,17:27,20150210T17:27:00,Paris,"WALK,BUS,RAIL,TRAM,SUBWAY,CABLE_CAR",3.52E+14,FALSE,600,17
87293099,48.68945166,2.382979818,48.8788183,2.1787277,1400,02/10/2015,22:32,20150210T22:32:00,Paris,"WALK,BUS,RAIL,TRAM,SUBWAY,CABLE_CAR",3.52E+14,FALSE,600,22
87262194,48.832317,2.3143639,48.8571536,2.3789162,1400,02/10/2015,20:10,20150210T20:10:00,Paris,"WALK,BUS,RAIL,TRAM,SUBWAY,CABLE_CAR",3.52E+14,FALSE,600,20
86728854,48.80741677,2.353947502,48.847419,2.3687358,700,02/10/2015,08:45,20150210T08:45:00,Paris,"WALK,BUS,TRAM,RAIL,SUBWAY,CABLE_CAR",3.52E+14,TRUE,600,8
87100959,48.882049,2.3184982,48.886795,2.3430107,1400,02/10/2015,09:48,20150210T09:48:00,Paris,"WALK,BUS,RAIL,TRAM,SUBWAY,CABLE_CAR",3.52E+14,FALSE,600,9
87202022,48.8245036,2.3728088,48.8491213,2.3324024,1400,02/10/2015,16:34,20150210T16:34:00,Paris,"WALK,BUS,RAIL,TRAM,SUBWAY,CABLE_CAR",3.52E+14,FALSE,600,16
87257225,48.83840191,2.256405149,48.8385946,2.2571949,1400,02/10/2015,19:49,20150210T19:49:00,Paris,"WALK,BUS,TRAM,RAIL,SUBWAY,CABLE_CAR",3.52E+14,FALSE,600,19
87300027,49.19720591,2.206719238,49.0361819,2.080174,1400,02/10/2015,23:02,20150210T23:02:00,Paris,"WALK,BUS,TRAM,RAIL,SUBWAY,CABLE_CAR",3.52E+14,FALSE,600,23
87253587,48.84796889,2.410540469,48.941106,2.158431,1400,02/10/2015,19:34,20150210T19:34:00,Paris,"WALK,BUS,TRAM,RAIL,SUBWAY,CABLE_CAR",3.52E+14,FALSE,600,19
87257249,48.90158176,2.360295486,48.8397409,2.3600413,1400,02/10/2015,19:49,20150210T19:49:00,Paris,"WALK,BUS,TRAM,RAIL,SUBWAY,CABLE_CAR",3.52E+14,FALSE,600,19
87225083,48.866359,2.3663216,48.8663634,2.3662998,1400,02/10/2015,17:49,20150210T17:49:00,Paris,"WALK,BUS,RAIL,TRAM,SUBWAY,CABLE_CAR",3.52E+14,FALSE,600,17
86491907,48.9756425,2.3087109,48.9909766,2.4505796,1400,02/10/2015,06:00,20150210T06:00:00,Paris,"WALK,BUS,RAIL,CABLE_CAR",3.52E+14,TRUE,600,6
87228206,48.8953993,2.3483242,48.89509,2.34808,1400,02/10/2015,17:59,20150210T17:59:00,Paris,"WALK,BUS,RAIL,TRAM,SUBWAY,CABLE_CAR",3.52E+14,FALSE,600,17
86992051,48.73337121,2.450801264,48.89191537,2.238357067,1400,02/10/2015,07:20,20150210T07:20:00,Paris,"WALK,SUBWAY,CABLE_CAR",3.52E+14,TRUE,600,7
87072646,48.8615359,2.212941,48.84866,2.21463,70000,02/10/2015,07:20,20150210T07:20:00,Paris,"WALK,BUS,CABLE_CAR",3.52E+14,FALSE,600,7
87183079,48.8849401,2.2665674,48.892532,2.2726474,7000,02/10/2015,15:31,20150210T15:31:00,Paris,WALK,3.52E+14,FALSE,600,15
87125077,48.87129502,2.307959836,48.8702094,2.290909,1400,02/10/2015,11:49,20150210T11:49:00,Paris,"WALK,BUS,TRAM,RAIL,SUBWAY,CABLE_CAR",3.52E+14,FALSE,600,11
87077783,48.85878656,2.293147257,49.04963864,2.034140788,1400,02/10/2015,07:46,20150210T07:46:00,Paris,"WALK,BUS,TRAM,RAIL,SUBWAY,CABLE_CAR",3.52E+14,FALSE,600,7
87087673,48.92788358,2.532206823,48.879913,2.4028711,1400,02/10/2015,08:36,20150210T08:36:00,Paris,"WALK,BUS,TRAM,RAIL,SUBWAY,CABLE_CAR",3.52E+14,FALSE,600,8
87108358,48.83953761,2.430805648,48.884448,2.3448432,1400,02/10/2015,10:27,20150210T10:27:00,Paris,"WALK,BUS,TRAM,RAIL,SUBWAY,CABLE_CAR",3.52E+14,FALSE,600,10
87272942,48.84339057,2.294421862,48.83730869,2.296475172,1400,02/10/2015,20:59,20150210T20:59:00,Paris,"WALK,BUS,TRAM,RAIL,SUBWAY,CABLE_CAR",3.52E+14,FALSE,600,20
87188516,48.8758854,2.395007964,48.8857661,2.372646,1400,02/10/2015,15:49,20150210T15:49:00,Paris,"WALK,BUS",3.52E+14,FALSE,600,15
87277036,48.9848542,2.2251618,48.939624,2.2385496,1400,02/10/2015,21:20,20150210T21:20:00,Paris,"WALK,BUS,RAIL,TRAM,SUBWAY,CABLE_CAR",3.52E+14,FALSE,600,21
87185016,48.85464205,2.385032193,48.87601,2.3563,1400,02/10/2015,15:38,20150210T15:38:00,Paris,"WALK,BUS,RAIL,TRAM,SUBWAY,CABLE_CAR",3.52E+14,FALSE,600,15
87092650,48.88384517,2.313536529,48.86232,2.39178,420,02/10/2015,09:02,20150210T09:02:00,Paris,"WALK,BUS,TRAM,RAIL,SUBWAY,CABLE_CAR",3.52E+14,FALSE,600,9
87110668,48.8562283,2.2737808,48.88047,2.30081,1400,02/10/2015,10:36,20150210T10:36:00,Paris,"WALK,BUS,RAIL,TRAM,SUBWAY,CABLE_CAR",3.52E+14,FALSE,600,10
87098969,48.82950227,2.31997754,48.8482702,2.2832092,1400,02/10/2015,11:46,20150210T11:46:00,Paris,"WALK,BUS,RAIL,TRAM,SUBWAY,CABLE_CAR",3.52E+14,TRUE,600,11
87254702,48.89485136,2.293472019,48.7966013,2.449531524,1400,02/10/2015,19:39,20150210T19:39:00,Paris,"WALK,BUS,TRAM,RAIL,SUBWAY,CABLE_CAR",3.52E+14,FALSE,600,19
84880708,48.97663,2.37766,48.729914,2.368029,1400,02/10/2015,06:29,20150210T06:29:00,Paris,"WALK,BUS,RAIL,TRAM,SUBWAY,CABLE_CAR",3.52E+14,FALSE,600,6
87002530,48.86681796,2.383271456,48.947266,2.257169,1400,02/10/2015,07:00,20150210T07:00:00,Paris,"WALK,BUS,RAIL,TRAM,SUBWAY,CABLE_CAR",3.52E+14,FALSE,600,7
87173934,48.80389063,2.347251175,48.84143,2.32479,1400,02/10/2015,15:00,20150210T15:00:00,Paris,"WALK,BUS,TRAM,RAIL,SUBWAY,CABLE_CAR",3.52E+14,FALSE,600,15
87062993,48.84573285,2.366670007,48.8258066,2.3463771,1400,02/10/2015,06:29,20150210T06:29:00,Paris,"WALK,BUS,TRAM,RAIL,SUBWAY,CABLE_CAR",3.52E+14,FALSE,600,6
87262218,48.9019698,2.360496735,48.87974306,2.35460081,1400,02/10/2015,20:10,20150210T20:10:00,Paris,"WALK,BUS,TRAM,RAIL,SUBWAY,CABLE_CAR",3.52E+14,FALSE,600,20
87176568,48.848394,2.39591,48.8897359,2.2418428,1400,02/10/2015,15:09,20150210T15:09:00,Paris,"WALK,BUS,RAIL,TRAM,SUBWAY,CABLE_CAR",3.52E+14,FALSE,600,15
87244064,48.97059332,2.40070271,48.9389341,2.8770857,70000,02/10/2015,18:57,20150210T18:57:00,Paris,"WALK,BUS,TRAM,RAIL,SUBWAY,CABLE_CAR",3.52E+14,FALSE,600,18
87098106,48.8778595,2.3280478,48.729914,2.368029,1400,02/10/2015,09:32,20150210T09:32:00,Paris,"WALK,BUS,RAIL,TRAM,SUBWAY,CABLE_CAR",3.52E+14,FALSE,600,9
87199104,48.88808076,2.381608887,48.8766587,2.2633534,1400,02/10/2015,16:24,20150210T16:24:00,Paris,"WALK,BUS,TRAM,RAIL,SUBWAY,CABLE_CAR",3.52E+14,FALSE,600,16
87077619,48.8589209,2.2968466,49.009695,2.547854,1400,02/10/2015,07:37,20150210T07:37:00,Paris,"WALK,BUS,RAIL,TRAM,SUBWAY,CABLE_CAR",3.52E+14,FALSE,600,7
87295484,48.92806053,2.153481999,48.84701652,2.410816882,1400,02/10/2015,22:43,20150210T22:43:00,Paris,"WALK,BUS,TRAM,RAIL,SUBWAY,CABLE_CAR",3.52E+14,FALSE,600,22
87229980,48.8136814,2.1925854,48.805927,2.1424069,2800,02/10/2015,18:06,20150210T18:06:00,Paris,"WALK,BUS,RAIL,TRAM,SUBWAY,CABLE_CAR",3.52E+14,FALSE,600,18
87148594,48.88797593,2.389576576,48.8939482,2.3788174,1400,02/10/2015,13:27,20150210T13:27:00,Paris,"WALK,BUS",3.52E+14,FALSE,600,13
87272525,48.90637401,2.449167967,48.89212347,2.237761617,1400,02/10/2015,20:56,20150210T20:56:00,Paris,"WALK,BUS,TRAM,RAIL,SUBWAY,CABLE_CAR",3.52E+14,FALSE,600,20
87030550,48.8703559,2.3020074,48.8553,2.315849,1400,02/10/2015,15:18,20150210T15:18:00,Paris,"WALK,BUS,RAIL,TRAM,SUBWAY,CABLE_CAR",3.52E+14,FALSE,600,15
87111886,48.8098752,2.2885086,48.90154749,2.21507178,1400,02/10/2015,10:45,20150210T10:45:00,Paris,"WALK,BUS,RAIL,TRAM,SUBWAY,CABLE_CAR",3.52E+14,FALSE,600,10
87257000,48.87408187,2.580716321,48.88907015,2.512410016,1400,02/10/2015,19:48,20150210T19:48:00,Paris,"WALK,BUS,TRAM,RAIL,SUBWAY,CABLE_CAR",3.52E+14,FALSE,600,19
86919769,48.884748,2.23964,48.8256679,2.4714079,1400,02/10/2015,06:31,20150210T06:31:00,Paris,"WALK,BUS,RAIL,TRAM,SUBWAY,CABLE_CAR",3.52E+14,FALSE,600,6
87181514,48.52724753,2.654834728,48.80576632,2.619241871,70000,02/10/2015,15:25,20150210T15:25:00,Paris,"WALK,BUS,TRAM,RAIL,SUBWAY,CABLE_CAR",3.52E+14,FALSE,600,15
87257763,48.8465276,2.369897,48.87682457,2.359099388,1400,02/10/2015,19:52,20150210T19:52:00,Paris,"WALK,BUS,RAIL,TRAM,SUBWAY,CABLE_CAR",3.52E+14,FALSE,600,19
87118445,48.91922797,2.418049648,48.9224159,2.3744732,1400,02/10/2015,11:17,20150210T11:17:00,Paris,"WALK,BUS,TRAM,RAIL,SUBWAY,CABLE_CAR",3.52E+14,FALSE,600,11
87285345,48.876683,2.325271,48.8752478,2.5187595,1400,02/10/2015,21:59,20150210T21:59:00,Paris,"WALK,BUS,RAIL,TRAM,SUBWAY,CABLE_CAR",3.52E+14,FALSE,600,21
87228903,48.83428578,2.332693906,48.837238,2.296405,1400,02/10/2015,18:02,20150210T18:02:00,Paris,"WALK,BUS,RAIL,TRAM,SUBWAY,CABLE_CAR",3.52E+14,FALSE,600,18
87073625,48.87893171,2.349287242,48.8776628,2.3491134,1400,02/10/2015,07:25,20150210T07:25:00,Paris,"WALK,BUS,TRAM,RAIL,SUBWAY,CABLE_CAR",3.52E+14,FALSE,600,7
87253974,48.8939829,2.2953024,48.894011,2.2949267,2100,02/10/2015,19:35,20150210T19:35:00,Paris,"WALK,BUS,RAIL,TRAM,SUBWAY,CABLE_CAR",3.52E+14,FALSE,600,19
87006100,48.84214429,2.19634014,49.18732977,2.459361343,1400,02/10/2015,06:28,20150210T06:28:00,Paris,"WALK,BUS,RAIL,TRAM,SUBWAY,CABLE_CAR",3.52E+14,FALSE,600,6
87030249,48.90566023,2.283690631,48.81028336,2.301288871,1400,02/10/2015,11:30,20150210T11:30:00,Paris,"WALK,BUS,CABLE_CAR,RAIL,TRAM,FERRY,SUBWAY,GONDOLA,FUNICULAR",3.52E+14,FALSE,600,11
87087882,48.83107912,2.296981604,48.84406,2.37288,1400,02/10/2015,08:37,20150210T08:37:00,Paris,"WALK,BUS,TRAM,RAIL,SUBWAY,CABLE_CAR",3.52E+14,FALSE,600,8
87094350,48.9087963,2.3634574,48.9925754,2.3911236,1400,02/10/2015,09:11,20150210T09:11:00,Paris,"WALK,BUS,RAIL,TRAM,SUBWAY,CABLE_CAR",3.52E+14,FALSE,600,9
87066194,48.9100476,2.4732269,48.8710766,2.4351487,1400,02/10/2015,06:47,20150210T06:47:00,Paris,"WALK,BUS,RAIL,TRAM,SUBWAY,CABLE_CAR",3.52E+14,FALSE,600,6
87127311,49.03646334,2.079375785,49.0712849,2.1555628,1400,02/10/2015,11:59,20150210T11:59:00,Paris,"WALK,BUS,RAIL,TRAM,SUBWAY,CABLE_CAR",3.52E+14,FALSE,600,11
87026906,49.0652507,2.1602836,49.05804813,2.191361407,1400,02/10/2015,10:04,20150210T10:04:00,Paris,"WALK,BUS",3.52E+14,TRUE,600,10
87201020,48.87111425,2.323415279,48.8887224,2.3329138,1400,02/10/2015,16:30,20150210T16:30:00,Paris,"WALK,BUS,RAIL,TRAM,SUBWAY,CABLE_CAR",3.52E+14,FALSE,600,16
87230717,48.66107,2.26878,48.8298307,2.376120009,1400,02/10/2015,18:08,20150210T18:08:00,Paris,"WALK,BUS,RAIL,TRAM,SUBWAY,CABLE_CAR",3.52E+14,FALSE,600,18
87110083,48.8298307,2.376120009,48.8338736,2.3642321,7000,02/10/2015,10:35,20150210T10:35:00,Paris,"WALK,BUS,RAIL,TRAM,SUBWAY,CABLE_CAR",3.52E+14,FALSE,600,10
87253425,48.84460997,2.373143435,48.84573598,2.339773869,1400,02/10/2015,19:34,20150210T19:34:00,Paris,"WALK,BUS,RAIL,TRAM,SUBWAY,CABLE_CAR",3.52E+14,FALSE,600,19
87167154,48.81457114,2.4193072,48.7436546,2.3922423,1400,02/10/2015,14:37,20150210T14:37:00,Paris,"WALK,BUS,TRAM,RAIL,SUBWAY,CABLE_CAR",3.52E+14,FALSE,600,14
87206310,48.8729986,2.3306877,48.95314179,2.602974044,1400,02/10/2015,16:46,20150210T16:46:00,Paris,"WALK,BUS,RAIL,TRAM,SUBWAY,CABLE_CAR",3.52E+14,FALSE,600,16
87032838,48.83299218,2.37723724,49.04963864,2.034140788,1400,02/10/2015,07:40,20150210T07:40:00,Paris,"WALK,BUS,TRAM,RAIL,SUBWAY,CABLE_CAR",3.52E+14,FALSE,600,7
87113417,49.004721,2.571588,48.88821188,2.249364853,1400,02/10/2015,10:52,20150210T10:52:00,Paris,"WALK,BUS,RAIL,TRAM,SUBWAY,CABLE_CAR",3.52E+14,FALSE,600,10
87154224,48.87144614,2.300768802,48.8806806,2.2954828,1400,02/10/2015,13:49,20150210T13:49:00,Paris,"WALK,BUS,TRAM,RAIL,SUBWAY,CABLE_CAR",3.52E+14,FALSE,600,13
87033568,48.8376237,2.3044372,48.89574074,2.223059255,420,02/10/2015,09:00,20150210T09:00:00,Paris,"WALK,RAIL,TRAM,SUBWAY,CABLE_CAR",3.52E+14,TRUE,600,9
87150330,48.72464226,2.259205123,48.7311111,2.2746814,1400,02/10/2015,13:34,20150210T13:34:00,Paris,"WALK,BUS,TRAM,RAIL,SUBWAY,CABLE_CAR",3.52E+14,FALSE,600,13
87000354,48.56212366,3.011891055,48.92999958,2.356181145,1400,02/10/2015,06:44,20150210T06:44:00,Paris,"WALK,BUS,RAIL,TRAM,SUBWAY,CABLE_CAR",3.52E+14,FALSE,600,6
87094079,48.8499066,2.2173044,48.8897359,2.2418428,1400,02/10/2015,09:10,20150210T09:10:00,Paris,"WALK,BUS,RAIL,TRAM,SUBWAY,CABLE_CAR",3.52E+14,FALSE,600,9
87077878,48.89212347,2.237761617,49.04963864,2.034140788,1400,02/10/2015,07:47,20150210T07:47:00,Paris,"WALK,BUS,TRAM,RAIL,SUBWAY,CABLE_CAR",3.52E+14,FALSE,600,7
87015211,48.9409429,2.1678451,48.925045,2.236385,2100,02/10/2015,11:00,20150210T11:00:00,Paris,"WALK,BUS,RAIL,TRAM,SUBWAY,CABLE_CAR",3.52E+14,TRUE,600,11
87261704,48.97814558,2.517632106,48.47552128,2.692149028,1400,02/10/2015,20:08,20150210T20:08:00,Paris,"WALK,BUS,TRAM,RAIL,SUBWAY,CABLE_CAR",3.52E+14,FALSE,600,20
87200046,48.87225662,2.343346523,48.8590559,2.5137562,1400,02/10/2015,16:30,20150210T16:30:00,Paris,"WALK,BUS,TRAM,RAIL,SUBWAY,CABLE_CAR",3.52E+14,FALSE,600,16
87125940,48.88368669,2.350487318,48.86833,2.401444,1400,02/10/2015,11:53,20150210T11:53:00,Paris,"WALK,BUS,TRAM,RAIL,SUBWAY,CABLE_CAR",3.52E+14,FALSE,600,11
87149292,48.88486648,2.481423492,48.8829246,2.5193666,1400,02/10/2015,13:30,20150210T13:30:00,Paris,"WALK,BUS,TRAM,RAIL,SUBWAY,CABLE_CAR",3.52E+14,FALSE,600,13
87228737,48.88424001,2.29275763,48.853317,2.3693037,1400,02/10/2015,18:01,20150210T18:01:00,Paris,"WALK,BUS,TRAM,RAIL,SUBWAY,CABLE_CAR",3.52E+14,FALSE,600,18
86491935,48.9756425,2.3087109,48.9909766,2.4505796,1400,02/10/2015,06:00,20150210T06:00:00,Paris,"WALK,BUS",3.52E+14,TRUE,600,6
87086096,49.03646334,2.079375785,48.8408574,2.2838213,1400,02/10/2015,08:28,20150210T08:28:00,Paris,"WALK,RAIL,TRAM,SUBWAY,CABLE_CAR",3.52E+14,FALSE,600,8
87100911,48.87974306,2.35460081,48.872025,2.331775,1400,02/10/2015,09:48,20150210T09:48:00,Paris,"WALK,BUS,RAIL,TRAM,SUBWAY,CABLE_CAR",3.52E+14,FALSE,600,9
87078819,48.8583701,2.2944813,49.009695,2.547854,1400,02/10/2015,07:52,20150210T07:52:00,Paris,"WALK,BUS,RAIL,TRAM,SUBWAY,CABLE_CAR",3.52E+14,FALSE,600,7
87132598,48.82262622,2.400771446,48.84465215,2.373108148,1400,02/10/2015,12:22,20150210T12:22:00,Paris,"WALK,SUBWAY",3.52E+14,FALSE,600,12
87178826,48.85119417,2.375931737,48.85496,2.37785,1400,02/10/2015,15:16,20150210T15:16:00,Paris,"WALK,BUS,RAIL,TRAM,SUBWAY,CABLE_CAR",3.52E+14,FALSE,600,15
87293355,48.7131701,2.3998265,48.71262343,2.40348245,1400,02/10/2015,22:34,20150210T22:34:00,Paris,"WALK,BUS,RAIL,TRAM,SUBWAY,CABLE_CAR",3.52E+14,FALSE,600,22
87167397,48.8714238,2.3073012,48.8660705,2.282504,1400,02/10/2015,14:38,20150210T14:38:00,Paris,"WALK,BUS,TRAM,RAIL,SUBWAY,CABLE_CAR",3.52E+14,FALSE,600,14
87100936,48.88545023,2.339063931,48.92653,2.4856709,1400,02/10/2015,09:48,20150210T09:48:00,Paris,"WALK,BUS,TRAM,RAIL,SUBWAY,CABLE_CAR",3.52E+14,FALSE,600,9
87031253,48.90576119,2.270084766,48.7262372,2.2653057,1400,02/10/2015,14:15,20150210T14:15:00,Paris,"WALK,BUS,TRAM,RAIL,SUBWAY,CABLE_CAR",3.52E+14,FALSE,600,14
87239777,48.88014746,2.327039297,48.9095941,2.2342454,1400,02/10/2015,18:41,20150210T18:41:00,Paris,"WALK,BUS,TRAM,RAIL,SUBWAY,CABLE_CAR",3.52E+14,FALSE,600,18
87293074,48.875023,2.6398852,48.839445,2.6546537,1400,02/10/2015,22:32,20150210T22:32:00,Paris,"WALK,CABLE_CAR",3.52E+14,FALSE,600,22
87094954,48.92999958,2.356181145,48.88550611,2.25852747,1400,02/10/2015,09:15,20150210T09:15:00,Paris,"WALK,BUS,RAIL,TRAM,SUBWAY,CABLE_CAR",3.52E+14,FALSE,600,9
87294744,48.7819014,2.1768776,48.781166,2.2204967,1400,02/10/2015,22:40,20150210T22:40:00,Paris,"WALK,BUS,RAIL,TRAM,SUBWAY,CABLE_CAR",3.52E+14,FALSE,600,22
87277341,48.88399074,2.351414859,48.729914,2.368029,1400,02/10/2015,21:21,20150210T21:21:00,Paris,"WALK,BUS,TRAM,RAIL,SUBWAY,CABLE_CAR",3.52E+14,FALSE,600,21
87076784,48.8041803,2.289370178,48.7790301,2.2051681,1400,02/10/2015,07:41,20150210T07:41:00,Paris,"WALK,SUBWAY,CABLE_CAR",3.52E+14,FALSE,600,7
87185826,48.93672352,2.359153032,48.85856967,2.347933246,1400,02/10/2015,15:39,20150210T15:39:00,Paris,"WALK,BUS,RAIL,TRAM,SUBWAY,CABLE_CAR",3.52E+14,FALSE,600,15
85010589,48.87792,2.33455,48.9254587,2.3265723,1400,02/10/2015,12:49,20150210T12:49:00,Paris,"WALK,BUS,CABLE_CAR,RAIL,TRAM,FERRY,SUBWAY,GONDOLA,FUNICULAR",3.52E+14,FALSE,600,12
87125442,48.8956021,2.3029273,48.84098771,2.320379019,1400,02/10/2015,11:51,20150210T11:51:00,Paris,"WALK,BUS,RAIL,TRAM,SUBWAY,CABLE_CAR",3.52E+14,FALSE,600,11
87287137,48.8212591,2.3332629,48.94582831,2.363712788,1400,02/10/2015,22:07,20150210T22:07:00,Paris,"WALK,SUBWAY,CABLE_CAR",3.52E+14,FALSE,600,22
87180630,48.8618452,2.3331801,48.8569987,2.3532523,1400,02/10/2015,15:26,20150210T15:26:00,Paris,"WALK,BUS,RAIL,TRAM,SUBWAY,CABLE_CAR",3.52E+14,FALSE,600,15
87176089,48.83527714,2.48857011,48.85753438,2.285592706,1400,02/10/2015,15:08,20150210T15:08:00,Paris,"WALK,BUS,RAIL,TRAM,SUBWAY,CABLE_CAR",3.52E+14,FALSE,600,15
87108400,48.74646207,2.311646501,48.870688,2.3502028,70000,02/10/2015,11:50,20150210T11:50:00,Paris,"WALK,TRAM,RAIL,SUBWAY,CABLE_CAR",3.52E+14,TRUE,600,11
87069842,48.8802656,2.32207677,48.8579488,2.3153089,1400,02/10/2015,07:06,20150210T07:06:00,Paris,"WALK,BUS,RAIL,TRAM,SUBWAY,CABLE_CAR",3.52E+14,FALSE,600,7
87225605,48.904526,2.304768,48.84098771,2.320379019,700,02/10/2015,17:50,20150210T17:50:00,Paris,"WALK,BUS,TRAM,RAIL,SUBWAY,CABLE_CAR",3.52E+14,FALSE,600,17
87258098,48.867722,2.3107703,48.8442627,2.3089313,1400,02/10/2015,23:00,20150210T23:00:00,Paris,"WALK,BUS",3.52E+14,FALSE,600,23
87128719,48.8829564,2.2765748,48.8477797,2.285451,1400,02/10/2015,12:05,20150210T12:05:00,Paris,"WALK,BUS,RAIL,TRAM,SUBWAY,CABLE_CAR",3.52E+14,FALSE,600,12
87150316,48.8651507,2.3580558,48.8861927,2.2796272,1400,02/10/2015,13:34,20150210T13:34:00,Paris,"WALK,BUS,TRAM,RAIL,SUBWAY,CABLE_CAR",3.52E+14,FALSE,600,13
87212240,48.8456893,2.3740414,48.8373631,2.3179896,1400,02/10/2015,17:06,20150210T17:06:00,Paris,"WALK,BUS,RAIL,TRAM,SUBWAY,CABLE_CAR",3.52E+14,FALSE,600,17
87215221,48.87866477,2.346043264,48.8598673,2.373869,1400,02/10/2015,17:15,20150210T17:15:00,Paris,"WALK,BUS",3.52E+14,FALSE,600,17
87076203,48.8182339,2.3184436,48.8895716,2.2420858,1400,02/10/2015,07:38,20150210T07:38:00,Paris,"WALK,BUS,RAIL,TRAM,SUBWAY,CABLE_CAR",3.52E+14,FALSE,600,7
87238180,48.85349152,2.344293594,48.87168037,2.301120758,1400,02/10/2015,18:35,20150210T18:35:00,Paris,"WALK,BUS,TRAM,RAIL,SUBWAY,CABLE_CAR",3.52E+14,FALSE,600,18
86765690,48.97012547,2.396311461,48.8587987,2.3656104,1400,02/10/2015,08:20,20150210T08:20:00,Paris,"WALK,BUS,TRAM,RAIL,SUBWAY,CABLE_CAR",3.52E+14,TRUE,600,8
87167184,48.84869849,2.320996819,48.8531,2.3190739,1400,02/10/2015,14:37,20150210T14:37:00,Paris,"WALK,BUS,TRAM,RAIL,SUBWAY,CABLE_CAR",3.52E+14,FALSE,600,14
87082880,48.87825555,2.284437262,48.884702,2.260614,70000,02/10/2015,08:13,20150210T08:13:00,Paris,"WALK,BUS,TRAM,RAIL,SUBWAY,CABLE_CAR",3.52E+14,FALSE,600,8
86904798,48.9442,2.34219,48.93672352,2.359153032,1400,02/10/2015,17:10,20150210T17:10:00,Paris,"WALK,SUBWAY",3.52E+14,FALSE,600,17
87279093,48.91179668,2.33387053,48.94623,2.364438,1400,02/10/2015,21:28,20150210T21:28:00,Paris,"WALK,BUS,RAIL,TRAM,SUBWAY,CABLE_CAR",3.52E+14,FALSE,600,21
87105382,48.86146517,2.334004167,48.84573598,2.339773869,1400,02/10/2015,10:11,20150210T10:11:00,Paris,"WALK,BUS,SUBWAY",3.52E+14,FALSE,600,10
87034520,48.9199276,2.2809287,48.9364696,2.4653981,7000,02/10/2015,08:30,20150210T08:30:00,Paris,"WALK,BUS,RAIL,TRAM,SUBWAY,CABLE_CAR",3.52E+14,FALSE,600,8
87275213,48.7641882,2.405101368,48.8145117,2.4192356,1400,02/10/2015,21:12,20150210T21:12:00,Paris,"WALK,BUS,TRAM,RAIL,SUBWAY,CABLE_CAR",3.52E+14,FALSE,600,21
87065901,48.8902799,2.247234,48.8259803,2.2353265,1400,02/10/2015,06:45,20150210T06:45:00,Paris,"WALK,BUS,RAIL,TRAM,SUBWAY,CABLE_CAR",3.52E+14,FALSE,600,6
87100541,48.762485,2.3137613,48.8400112,2.3970605,420,02/10/2015,09:46,20150210T09:46:00,Paris,"WALK,BUS,RAIL,TRAM,SUBWAY,CABLE_CAR",3.52E+14,FALSE,600,9
87188496,48.8566119,2.3365016,48.87081237,2.332234383,1400,02/10/2015,15:48,20150210T15:48:00,Paris,"WALK,BUS,RAIL,TRAM,SUBWAY,CABLE_CAR",3.52E+14,FALSE,600,15
87288389,48.82976621,2.350409031,48.85385861,2.289361954,1400,02/10/2015,22:12,20150210T22:12:00,Paris,"WALK,BUS,TRAM,RAIL,SUBWAY,CABLE_CAR",3.52E+14,FALSE,600,22
87211976,48.8834433,2.3407538,48.8602646,2.3652093,1400,02/10/2015,17:05,20150210T17:05:00,Paris,"WALK,BUS,TRAM,RAIL,SUBWAY,CABLE_CAR",3.52E+14,FALSE,600,17
86907226,48.94582831,2.363712788,48.9453915,2.3407987,1400,02/10/2015,08:30,20150210T08:30:00,Paris,"WALK,BUS,RAIL,TRAM,SUBWAY,CABLE_CAR",3.52E+14,FALSE,600,8
87265906,48.87516296,2.388963103,48.8721156,2.3762972,1400,02/10/2015,20:26,20150210T20:26:00,Paris,"WALK,BUS,TRAM,RAIL,SUBWAY,CABLE_CAR",3.52E+14,FALSE,600,20
87140280,48.80316629,2.418631586,48.8378006,2.2891767,1400,02/10/2015,12:55,20150210T12:55:00,Paris,"WALK,BUS,TRAM,RAIL,SUBWAY,CABLE_CAR",3.52E+14,FALSE,600,12
87289873,48.85221813,2.34384072,48.84808,2.35046,1400,02/10/2015,22:19,20150210T22:19:00,Paris,"WALK,BUS,TRAM,RAIL,SUBWAY,CABLE_CAR",3.52E+14,FALSE,600,22
87207130,48.87085852,2.34586671,48.866853,2.322181,1400,02/10/2015,16:49,20150210T16:49:00,Paris,"WALK,BUS,TRAM,RAIL,SUBWAY,CABLE_CAR",3.52E+14,FALSE,600,16
87083701,48.88207601,2.334435635,48.88204,2.33566,1400,02/10/2015,08:17,20150210T08:17:00,Paris,"WALK,BUS,TRAM,RAIL,CABLE_CAR",3.52E+14,FALSE,600,8
87277170,48.87675048,2.3931849,48.88557,2.39771,1400,02/10/2015,21:21,20150210T21:21:00,Paris,"WALK,BUS,RAIL,TRAM,SUBWAY,CABLE_CAR",3.52E+14,FALSE,600,21
87163377,48.87673,2.40691,48.8248593,2.3559827,1400,02/10/2015,14:23,20150210T14:23:00,Paris,"WALK,BUS,RAIL,TRAM,SUBWAY,CABLE_CAR",3.52E+14,FALSE,600,14
87025398,48.845222,2.314859,48.8367636,2.336502,1400,02/10/2015,14:00,20150210T14:00:00,Paris,"WALK,SUBWAY,CABLE_CAR",3.52E+14,TRUE,600,14
87132991,48.88729753,2.38683539,48.8710472,2.4374581,1400,02/10/2015,12:24,20150210T12:24:00,Paris,"WALK,BUS,RAIL,TRAM,SUBWAY,CABLE_CAR",3.52E+14,FALSE,600,12
87100698,48.68945166,2.382979818,48.70836542,2.414206249,1400,02/10/2015,10:02,20150210T10:02:00,Paris,"WALK,SUBWAY,CABLE_CAR",3.52E+14,FALSE,600,10
87124818,48.87583,2.35805,48.6741337,2.5857251,2800,02/10/2015,12:47,20150210T12:47:00,Paris,"WALK,BUS,RAIL,TRAM,SUBWAY,CABLE_CAR",3.52E+14,FALSE,600,12
87233437,48.62880883,2.568558993,48.18094297,2.736370891,1400,02/10/2015,17:01,20150210T17:01:00,Paris,"WALK,BUS,TRAM,RAIL,SUBWAY,CABLE_CAR",3.52E+14,FALSE,600,17
87130006,48.87319313,2.345036818,48.89751173,2.329021647,700,02/10/2015,12:11,20150210T12:11:00,Paris,"WALK,SUBWAY",3.52E+14,FALSE,600,12
87220923,48.91792083,2.362045711,49.00975302,2.561081324,1400,02/10/2015,17:34,20150210T17:34:00,Paris,"WALK,BUS,TRAM,RAIL,SUBWAY,CABLE_CAR",3.52E+14,FALSE,600,17
87211735,48.84636249,2.330969721,48.8491213,2.3324024,1400,02/10/2015,17:04,20150210T17:04:00,Paris,"WALK,BUS,TRAM,RAIL,SUBWAY,CABLE_CAR",3.52E+14,FALSE,600,17
87107952,48.87393109,2.295127252,48.8283479,2.327334,1400,02/10/2015,08:33,20150210T08:33:00,Paris,"WALK,BUS,TRAM,RAIL,SUBWAY,CABLE_CAR",3.52E+14,FALSE,600,8
87254019,48.89462885,2.293287817,48.8879255,2.3009607,1400,02/10/2015,19:36,20150210T19:36:00,Paris,"WALK,BUS,TRAM,RAIL,SUBWAY,CABLE_CAR",3.52E+14,FALSE,600,19
87258788,48.8202561,2.2498273,48.8615056,2.3478223,1400,02/10/2015,19:56,20150210T19:56:00,Paris,"WALK,BUS,RAIL,TRAM,SUBWAY,CABLE_CAR",3.52E+14,FALSE,600,19
86765123,48.97012547,2.396311461,48.8587987,2.3656104,1400,02/10/2015,08:20,20150210T08:20:00,Paris,"WALK,BUS,TRAM,RAIL,SUBWAY,CABLE_CAR",3.52E+14,TRUE,600,8
87271232,48.891809,2.375320402,48.8945917,2.3276419,2800,02/10/2015,20:50,20150210T20:50:00,Paris,"WALK,BUS,TRAM",3.52E+14,FALSE,600,20
87095633,48.8187123,2.2562246,48.8229489,2.25406,1400,02/10/2015,09:19,20150210T09:19:00,Paris,"WALK,BUS,RAIL,TRAM,SUBWAY,CABLE_CAR",3.52E+14,FALSE,600,9
87181513,48.89007781,2.134442826,49.28525805,1.785185698,1400,02/10/2015,15:26,20150210T15:26:00,Paris,"WALK,BUS,RAIL,TRAM,SUBWAY,CABLE_CAR",3.52E+14,FALSE,600,15
87092025,48.87974306,2.35460081,48.8688409,2.2903823,1400,02/10/2015,08:59,20150210T08:59:00,Paris,"WALK,BUS,TRAM,RAIL,SUBWAY,CABLE_CAR",3.52E+14,FALSE,600,8
87112231,48.78860964,2.319377755,48.856614,2.3522219,1400,02/10/2015,10:47,20150210T10:47:00,Paris,"WALK,BUS,RAIL,TRAM,SUBWAY,CABLE_CAR",3.52E+14,FALSE,600,10
87233545,48.88666801,2.35587202,48.88110746,2.271766663,1400,02/10/2015,18:20,20150210T18:20:00,Paris,"WALK,BUS,TRAM,RAIL,SUBWAY,CABLE_CAR",3.52E+14,FALSE,600,18
87309882,48.87754314,2.186662107,48.776093,2.2879615,7000,02/10/2015,23:58,20150210T23:58:00,Paris,"WALK,BUS,RAIL,SUBWAY",3.52E+14,FALSE,600,23
87181502,49.00228966,2.519815927,48.9083763,2.3872528,1400,02/10/2015,15:25,20150210T15:25:00,Paris,"WALK,BUS,TRAM,RAIL,SUBWAY,CABLE_CAR",3.52E+14,FALSE,600,15
87096589,48.83908439,2.270307245,48.90566023,2.283690631,700,02/10/2015,09:24,20150210T09:24:00,Paris,"WALK,TRAM,RAIL,SUBWAY,CABLE_CAR",3.52E+14,FALSE,600,9
87301051,48.85697872,2.392677795,48.85492,2.39543,70000,02/10/2015,23:07,20150210T23:07:00,Paris,"WALK,BUS,TRAM,RAIL,SUBWAY,CABLE_CAR",3.52E+14,FALSE,600,23
87228983,48.93744813,2.435929505,48.8956092,2.3515131,1400,02/10/2015,18:02,20150210T18:02:00,Paris,"WALK,BUS,TRAM,RAIL,SUBWAY,CABLE_CAR",3.52E+14,FALSE,600,18
87085522,48.85518331,2.278645265,48.853889,2.3325,1400,02/10/2015,08:26,20150210T08:26:00,Paris,"WALK,TRAM,RAIL,SUBWAY",3.52E+14,FALSE,600,8
87084526,48.860642,2.352245,48.8556475,2.2986304,1400,02/10/2015,08:21,20150210T08:21:00,Paris,"WALK,TRAM,RAIL,SUBWAY,CABLE_CAR",3.52E+14,FALSE,600,8
87233499,48.85711042,2.32833005,48.8573063,2.3020421,1400,02/10/2015,18:18,20150210T18:18:00,Paris,"WALK,BUS,TRAM,RAIL,SUBWAY,CABLE_CAR",3.52E+14,FALSE,600,18
87023645,48.81423587,2.274612514,48.778948,2.2061189,70000,02/10/2015,06:10,20150210T06:10:00,Paris,"WALK,BUS,TRAM,RAIL,SUBWAY,CABLE_CAR",3.52E+14,FALSE,600,6
87178242,48.8834433,2.3407538,48.8874331,2.3453634,1400,02/10/2015,15:15,20150210T15:15:00,Paris,"WALK,BUS,TRAM,RAIL,SUBWAY,CABLE_CAR",3.52E+14,FALSE,600,15
87141953,48.86546642,2.356653214,48.8494408,2.3461466,1400,02/10/2015,13:02,20150210T13:02:00,Paris,"WALK,BUS,TRAM,RAIL,SUBWAY,CABLE_CAR",3.52E+14,FALSE,600,13
87291276,48.8697197,2.3364625,48.8709997,2.3297375,1400,02/10/2015,22:24,20150210T22:24:00,Paris,"WALK,BUS,SUBWAY",3.52E+14,FALSE,600,22
87115337,48.92197732,2.337801643,48.7971715,2.3853899,1400,02/10/2015,11:02,20150210T11:02:00,Paris,"WALK,BUS,RAIL,SUBWAY,TRAM,CABLE_CAR",3.52E+14,FALSE,600,11
87261908,48.9019698,2.360496735,48.83826908,2.360816002,1400,02/10/2015,20:09,20150210T20:09:00,Paris,"WALK,BUS,TRAM,RAIL,SUBWAY,CABLE_CAR",3.52E+14,FALSE,600,20
87245568,48.8442416,2.3087294,48.8541666,2.4087343,1400,02/10/2015,19:45,20150210T19:45:00,Paris,"WALK,BUS,RAIL,TRAM,SUBWAY,CABLE_CAR",3.52E+14,FALSE,600,19
87107654,48.88482724,2.290825067,48.8570256,2.3861212,1400,02/10/2015,10:24,20150210T10:24:00,Paris,"WALK,BUS",3.52E+14,FALSE,600,10
87197124,48.91263766,2.36615186,48.935779,2.334117,1400,02/10/2015,16:17,20150210T16:17:00,Paris,"WALK,BUS,RAIL,TRAM,SUBWAY,CABLE_CAR",3.52E+14,FALSE,600,16
87301192,48.85779759,2.274084091,48.9220615,2.2533313,1400,02/10/2015,23:08,20150210T23:08:00,Paris,"WALK,BUS,RAIL,TRAM,SUBWAY,CABLE_CAR",3.52E+14,FALSE,600,23
87143160,48.87791473,2.284244299,48.81398832,2.391527053,1400,02/10/2015,13:07,20150210T13:07:00,Paris,"WALK,BUS,RAIL,TRAM,SUBWAY,CABLE_CAR",3.52E+14,FALSE,600,13
87183550,48.9119526,2.3593019,48.7337719,2.2642804,700,02/10/2015,15:31,20150210T15:31:00,Paris,"WALK,BUS",3.52E+14,TRUE,600,15
87147726,48.887351,2.3083306,48.8970152,2.3086883,1400,02/10/2015,13:24,20150210T13:24:00,Paris,"WALK,BUS,RAIL,TRAM,SUBWAY,CABLE_CAR",3.52E+14,FALSE,600,13
87164074,48.87833456,2.33733058,48.85567284,2.325679064,1400,02/10/2015,14:25,20150210T14:25:00,Paris,"WALK,BUS,TRAM,RAIL,SUBWAY,CABLE_CAR",3.52E+14,TRUE,600,14
87133829,48.87833456,2.33733058,48.8108913,2.4109337,1400,02/10/2015,12:27,20150210T12:27:00,Paris,"WALK,BUS,RAIL,TRAM,SUBWAY,CABLE_CAR",3.52E+14,FALSE,600,12
87253210,48.9351732,2.3482791,48.8630457,2.5065743,1400,02/10/2015,19:33,20150210T19:33:00,Paris,"WALK,BUS,RAIL,TRAM,SUBWAY,CABLE_CAR",3.52E+14,FALSE,600,19
87244968,48.90406841,2.587828669,48.89925,2.57239,1400,02/10/2015,19:00,20150210T19:00:00,Paris,"WALK,BUS,TRAM,RAIL,SUBWAY,CABLE_CAR",3.52E+14,FALSE,600,19
87074690,48.868894,2.280018,48.8514093,2.3712249,700,02/10/2015,07:30,20150210T07:30:00,Paris,"WALK,BUS,TRAM,SUBWAY",3.52E+14,FALSE,600,7
87256098,48.87133584,2.34370673,48.8865408,2.3568001,1400,02/10/2015,19:45,20150210T19:45:00,Paris,"WALK,BUS,RAIL,TRAM,SUBWAY,CABLE_CAR",3.52E+14,FALSE,600,19
87075765,48.82143145,2.413537502,48.8401046,2.2723936,2100,02/10/2015,07:36,20150210T07:36:00,Paris,"WALK,RAIL,TRAM,SUBWAY,CABLE_CAR",3.52E+14,FALSE,600,7
